#TEXT,TEXT
id,reward
#id,奖励列表：ItemType_ItemId_Count_(Stage_(Level))_Ratio
110001,"3_20001_1_0.7,4_70001_1_3_2_0.7,6_1001_2_1.0,1_1_100_1.0,1_2_100_1.0,2_5_1000_0.9,1_3_100_1.0"
110002,"3_20001_2_0.5,4_70001_1_3_2_0.7,1_2_1000_1"
110003,"3_20001_1_0.7,1_2_1000_1,1_3_100_1"
110004,1_7_1_1
110005,1_1_6666_1
110006,1_2_6666_1
110007,1_3_6666_1
110008,3_20001_1_1
110009,"1_1_6666_1,1_3_6666_1"
110010,"1_1_6666_1,1_2_6666_1,3_20001_1_1"
110011,"1_1_6666_1,3_20001_1_1,3_20001_7_1,3_20001_1_1,1_3_6666_1"
10101,"1_2_200_1.0,1_3_24_1.0,6_4001_1_0.05"
10102,"1_2_250_1.0,1_3_24_1.0,6_4001_1_0.05"
10103,"1_2_300_1.0,1_3_24_1.0,6_4001_1_0.05"
10104,"1_2_350_1.0,1_3_24_1.0,6_2001_1_0.75,6_4001_1_0.05"
10124,"1_2_350_1.0,1_3_24_1.0,4_70013_1_1_0_1.0,6_4001_1_0.05"
10105,"1_2_400_1.0,1_3_24_1.0,6_4001_1_0.05"
10106,"1_2_450_1.0,1_3_24_1.0,6_4001_1_0.05"
10107,"1_2_500_1.0,1_3_24_1.0,6_4001_1_0.05"
10108,"1_2_550_1.0,1_3_24_1.0,6_2002_1_0.75,6_4001_1_0.05"
10201,"1_2_400_1.0,1_3_24_1.0,3_11001_1_0.5,3_10003_1_0.5,6_4001_1_0.1"
10221,"1_2_400_1.0,1_3_24_1.0,3_11001_1_1.0,3_10003_1_1.0,6_4001_1_0.1"
10202,"1_2_500_1.0,1_3_24_1.0,3_11001_1_0.75,3_10003_1_0.5,6_4001_1_0.1"
10203,"1_2_600_1.0,1_3_24_1.0,3_11001_1_1,3_10003_1_0.5,6_4001_1_0.1"
10204,"1_2_700_1.0,1_3_24_1.0,3_10003_1_0.5,3_10005_1_0.5,6_2003_1_0.75,6_4001_1_0.1"
10205,"1_2_800_1.0,1_3_24_1.0,3_11001_1_1,3_10003_1_0.5,6_4001_1_0.1"
10206,"1_2_900_1.0,1_3_24_1.0,3_11001_1_1,3_11001_1_0.3,3_10003_1_0.5,6_4001_1_0.1"
10207,"1_2_1000_1.0,1_3_24_1.0,3_11001_1_1,3_11001_1_0.6,3_10003_1_0.5,6_4001_1_0.1"
10208,"1_2_1100_1.0,1_3_24_1.0,3_10003_1_0.5,3_10005_1_1,6_2004_1_0.75,6_4001_1_0.1"
10111,"1_2_26_1.0,3_50002_1_0.7"
10112,"1_2_30_1.0,3_50002_1_1.0"
10113,"1_2_35_1.0,3_50002_1_1.0"
10114,"1_2_41_1.0,3_50002_1_1.0"
10115,"1_2_46_1.0,3_50002_1_1.0,3_50002_1_0.3"
10116,"1_2_53_1.0,3_50002_1_1.0,3_50002_1_0.4"
10117,"1_2_57_1.0,3_50002_1_1.0,3_50002_1_0.6"
10118,"1_2_62_1.0,3_50002_1_1.0,3_50002_1_0.7"
10211,"1_2_75_1.0,3_50002_1_1.0,3_50002_1_0.7"
10212,"1_2_82_1.0,3_50002_2_1.0,3_50002_1_0.5"
10213,"1_2_90_1.0,3_50002_2_1.0,3_50002_1_0.6"
10214,"1_2_105_1.0,3_50002_2_1.0,3_50002_1_0.8"
10215,"1_2_118_1.0,3_50002_3_1.0"
10216,"1_2_134_1.0,3_50002_3_1.0,3_50002_1_0.5"
10217,"1_2_158_1.0,3_50002_3_1.0,3_50002_1_0.8"
10218,"1_2_175_1.0,3_50002_4_1.0"
10301,"1_2_500_1.0,1_3_24_1.0,3_11001_2_1,3_10003_1_0.5,6_4001_1_0.1"
10302,"1_2_600_1.0,1_3_24_1.0,3_11001_2_1,3_11001_1_0.3,3_10003_1_0.5,6_4001_1_0.1"
10303,"1_2_700_1.0,1_3_24_1.0,3_11001_2_1,3_11001_1_0.6,3_10003_1_0.5,6_4001_1_0.1"
10304,"1_2_800_1.0,1_3_24_1.0,3_10005_1_1,3_10003_1_0.5,6_2005_1_0.75,6_4001_1_0.1"
10305,"1_2_900_1.0,1_3_24_1.0,3_11001_3_1,3_10003_1_0.5,6_4001_1_0.1"
10306,"1_2_1000_1.0,1_3_24_1.0,3_11001_3_1,3_11001_1_0.5,3_10003_1_0.5,6_4001_1_0.1"
10307,"1_2_1100_1.0,1_3_24_1.0,3_11001_4_1,3_10003_1_0.5,6_4001_1_0.1"
10308,"1_2_1200_1.0,1_3_24_1.0,3_10005_1_1,3_10005_1_0.5,3_10003_1_0.5,6_2006_1_0.75,6_4001_1_0.1"
10401,"1_2_1000_1.0,1_3_24_1.0,3_11002_1_1,3_10003_1_0.5,6_4002_1_0.1"
10402,"1_2_1100_1.0,1_3_24_1.0,3_11002_1_1,3_10003_1_0.5,6_4002_1_0.1"
10403,"1_2_1200_1.0,1_3_24_1.0,3_11002_1_1,3_11002_1_0.33,3_10003_1_0.5,6_4002_1_0.1"
10404,"1_2_1300_1.0,1_3_24_1.0,3_10005_1_1,3_10003_1_0.5,6_2001_1_0.75,6_4002_1_0.1"
10405,"1_2_1100_1.0,1_3_24_1.0,3_11002_1_1,3_11002_1_0.33,3_10003_1_0.5,6_4002_1_0.1"
10406,"1_2_1200_1.0,1_3_24_1.0,3_11002_1_1,3_11002_1_0.66,3_10003_1_0.5,6_4002_1_0.1"
10407,"1_2_1300_1.0,1_3_24_1.0,3_11002_1_1,3_11002_1_0.66,3_10003_1_0.5,6_4002_1_0.1"
10408,"1_2_1400_1.0,1_3_24_1.0,3_10005_1_1,3_10005_1_0.5,3_10003_1_0.5,6_2002_1_0.75,6_4002_1_0.1"
10501,"1_2_1200_1.0,1_3_24_1.0,3_11002_1_1,3_11002_1_0.66,3_10003_1_0.5,6_4002_1_0.1"
10502,"1_2_1300_1.0,1_3_24_1.0,3_11002_2_1,3_10003_1_0.5,6_4002_1_0.1"
10503,"1_2_1400_1.0,1_3_24_1.0,3_11002_2_1,3_10003_1_0.5,6_4002_1_0.1"
10504,"1_2_1500_1.0,1_3_24_1.0,3_10005_1_1,3_10003_1_0.5,6_2003_1_0.75,6_4002_1_0.1"
10505,"1_2_1300_1.0,1_3_24_1.0,3_11002_2_1,3_11002_1_0.33,3_10003_1_0.5,6_4002_1_0.1"
10506,"1_2_1400_1.0,1_3_24_1.0,3_11002_2_1,3_11002_1_0.33,3_10003_1_0.5,6_4002_1_0.1"
10507,"1_2_1500_1.0,1_3_24_1.0,3_11002_2_1,3_11002_1_0.66,3_10003_1_0.5,6_4002_1_0.1"
10508,"1_2_1600_1.0,1_3_24_1.0,3_10005_1_1,3_10005_1_0.5,3_10003_1_0.5,6_2004_1_0.75,6_4002_1_0.1"
10601,"1_2_1300_1.0,1_3_24_1.0,3_11002_2_1,3_11002_1_0.66,3_10003_1_0.5,6_4002_1_0.1"
10602,"1_2_1400_1.0,1_3_24_1.0,3_11002_3_1,3_10003_1_0.5,6_4002_1_0.1"
10603,"1_2_1500_1.0,1_3_24_1.0,3_11002_3_1,3_10003_1_0.5,6_4002_1_0.1"
10604,"1_2_1600_1.0,1_3_24_1.0,3_10005_1_1,3_10005_1_0.5,3_10003_1_0.5,6_2005_1_0.75,6_4002_1_0.1"
10605,"1_2_1400_1.0,1_3_24_1.0,3_11002_3_1,3_10003_1_0.5,6_4002_1_0.1"
10606,"1_2_1500_1.0,1_3_24_1.0,3_11002_3_1,3_11002_1_0.33,3_10003_1_0.5,6_4002_1_0.1"
10607,"1_2_1600_1.0,1_3_24_1.0,3_11002_3_1,3_11002_1_0.33,3_10003_1_0.5,6_4002_1_0.1"
10608,"1_2_1700_1.0,1_3_24_1.0,3_10005_2_1,3_10003_1_0.5,6_2006_1_0.75,6_4002_1_0.1"
10701,"1_2_1300_1.0,1_3_24_1.0,3_11003_1_0.65,3_10003_1_0.5,6_4002_1_0.15"
10702,"1_2_1400_1.0,1_3_24_1.0,3_11003_1_0.7,3_10003_1_0.5,6_4002_1_0.15"
10703,"1_2_1500_1.0,1_3_24_1.0,3_11003_1_0.75,3_10003_1_0.5,6_4002_1_0.15"
10704,"1_2_1600_1.0,1_3_24_1.0,3_10005_2_1,3_10003_1_0.5,6_2001_1_0.75,6_4002_1_0.15"
10705,"1_2_1400_1.0,1_3_24_1.0,3_11003_1_0.75,3_10003_1_0.5,6_4002_1_0.15"
10706,"1_2_1500_1.0,1_3_24_1.0,3_11003_1_0.8,3_10003_1_0.5,6_4002_1_0.15"
10707,"1_2_1600_1.0,1_3_24_1.0,3_11003_1_0.85,3_10003_1_0.5,6_4002_1_0.15"
10708,"1_2_1700_1.0,1_3_24_1.0,3_10005_2_1,3_10003_1_0.5,6_2002_1_0.75,6_4002_1_0.15"
10801,"1_2_1300_1.0,1_3_24_1.0,3_11003_1_0.85,3_10003_1_0.5,6_4002_1_0.15"
10802,"1_2_1400_1.0,1_3_24_1.0,3_11003_1_0.9,3_10003_1_0.5,6_4002_1_0.15"
10803,"1_2_1500_1.0,1_3_24_1.0,3_11003_1_0.95,3_10003_1_0.5,6_4002_1_0.15"
10804,"1_2_1600_1.0,1_3_24_1.0,3_10005_2_1,3_10003_1_0.5,6_2003_1_0.75,6_4002_1_0.15"
10805,"1_2_1400_1.0,1_3_24_1.0,3_11003_1_0.95,3_10003_1_0.5,6_4002_1_0.15"
10806,"1_2_1500_1.0,1_3_24_1.0,3_11003_1_1,3_10003_1_0.5,6_4002_1_0.15"
10807,"1_2_1600_1.0,1_3_24_1.0,3_11003_1_1,3_11003_1_0.05,3_10003_1_0.5,6_4002_1_0.15"
10808,"1_2_1700_1.0,1_3_24_1.0,3_10005_2_1,3_10003_1_0.5,6_2004_1_0.75,6_4002_1_0.15"
10311,"1_2_136_1.0,3_50002_1_1.0,3_50002_1_0.1,3_50003_1_1.0"
10312,"1_2_137_1.0,3_50002_1_1.0,3_50002_1_0.6,3_50003_1_1.0"
10313,"1_2_138_1.0,3_50002_2_1.0,3_50002_1_0.1,3_50003_1_1.0"
10314,"1_2_141_1.0,3_50002_2_1.0,3_50002_1_0.5,3_50003_1_1.0"
10315,"1_2_146_1.0,3_50002_3_1.0,3_50002_1_0.6,3_50003_1_1.0"
10316,"1_2_153_1.0,3_50002_4_1.0,3_50002_1_0.3,3_50003_1_1.0"
10317,"1_2_157_1.0,3_50002_4_1.0,3_50002_1_0.8,3_50003_1_1.0"
10318,"1_2_162_1.0,3_50003_2_1.0"
10411,"1_2_175_1.0,3_50002_1_0.5,3_50003_2_1.0"
10412,"1_2_182_1.0,3_50002_1_1.0,3_50003_2_1.0"
10413,"1_2_190_1.0,3_50002_1_1.0,3_50002_1_0.5,3_50003_2_1.0"
10414,"1_2_205_1.0,3_50002_2_1.0,3_50003_2_1.0"
10415,"1_2_218_1.0,3_50002_2_1.0,3_50003_2_1.0"
10416,"1_2_234_1.0,3_50002_2_1.0,3_50002_1_0.5,3_50003_2_1.0"
10417,"1_2_258_1.0,3_50002_2_1.0,3_50002_1_0.5,3_50003_2_1.0"
10418,"1_2_275_1.0,3_50002_2_1.0,3_50002_1_0.5,3_50003_2_1.0"
10511,"1_2_290_1.0,3_50002_3_1.0,3_50002_1_0.5,3_50003_2_1.0"
10512,"1_2_302_1.0,3_50002_4_1.0,3_50003_2_1.0"
10513,"1_2_314_1.0,3_50002_4_1.0,3_50002_1_0.5,3_50003_2_1.0"
10514,"1_2_326_1.0,3_50003_3_1.0"
10515,"1_2_338_1.0,3_50002_1_0.5,3_50003_3_1.0"
10516,"1_2_350_1.0,3_50002_1_1.0,3_50003_3_1.0"
10517,"1_2_362_1.0,3_50002_1_1.0,3_50002_1_0.5,3_50003_3_1.0"
10518,"1_2_374_1.0,3_50002_1_1.0,3_50002_1_0.5,3_50003_3_1.0"
10611,"1_2_380_1.0,3_50002_1_1.0,3_50002_1_0.5,3_50003_3_1.0"
10612,"1_2_395_1.0,3_50002_2_1.0,3_50003_3_1.0"
10613,"1_2_410_1.0,3_50002_2_1.0,3_50002_1_0.5,3_50003_3_1.0"
10614,"1_2_425_1.0,3_50002_3_1.0,3_50003_3_1.0"
10615,"1_2_440_1.0,3_50002_3_1.0,3_50003_3_1.0"
10616,"1_2_455_1.0,3_50002_3_1.0,3_50002_1_0.5,3_50003_3_1.0"
10617,"1_2_470_1.0,3_50002_4_1.0,3_50003_3_1.0"
10618,"1_2_485_1.0,3_50002_4_1.0,3_50002_1_0.5,3_50003_3_1.0"
10711,"1_2_436_1.0,3_50002_1_1.0,3_50002_1_0.5,3_50003_3_1.0"
10712,"1_2_451_1.0,3_50002_2_1.0,3_50003_3_1.0"
10713,"1_2_466_1.0,3_50002_2_1.0,3_50002_1_0.5,3_50003_3_1.0"
10714,"1_2_481_1.0,3_50002_3_1.0,3_50003_3_1.0"
10715,"1_2_496_1.0,3_50002_3_1.0,3_50003_3_1.0"
10716,"1_2_511_1.0,3_50002_3_1.0,3_50002_1_0.5,3_50003_3_1.0"
10717,"1_2_513_1.0,3_50002_4_1.0,3_50003_3_1.0"
10718,"1_2_541_1.0,3_50002_4_1.0,3_50002_1_0.5,3_50003_3_1.0"
10811,"1_2_541_1.0,3_50002_1_1.0,3_50002_1_0.5,3_50003_3_1.0"
10812,"1_2_562_1.0,3_50002_2_1.0,3_50003_3_1.0"
10813,"1_2_571_1.0,3_50002_2_1.0,3_50002_1_0.5,3_50003_3_1.0"
10814,"1_2_578_1.0,3_50002_3_1.0,3_50003_3_1.0"
10815,"1_2_586_1.0,3_50002_3_1.0,3_50003_3_1.0"
10816,"1_2_593_1.0,3_50002_3_1.0,3_50002_1_0.5,3_50003_3_1.0"
10817,"1_2_607_1.0,3_50002_4_1.0,3_50003_3_1.0"
10818,"1_2_612_1.0,3_50002_4_1.0,3_50002_1_0.5,3_50003_3_1.0"
1011,"1_2_12_0.18,1_2_25_0.08,1_2_40_0.03,2_5_6_1.0"
1012,"1_2_12_0.18,1_2_25_0.08,1_2_40_0.03,2_5_6_1.0"
1013,2_5_30_1.0
2011,"1_2_16_0.18,1_2_30_0.08,1_2_45_0.03,2_5_12_1.0"
2012,"1_2_16_0.18,1_2_30_0.08,1_2_45_0.03,2_5_12_1.0"
2013,2_5_39_1.0
3011,"1_2_16_0.18,1_2_30_0.08,1_2_45_0.03,2_5_12_1.0"
3012,"1_2_16_0.18,1_2_30_0.08,1_2_45_0.03,2_5_12_1.0"
3013,2_5_42_1.0
4011,"1_2_9_0.18,1_2_15_0.08,1_2_30_0.03,2_5_12_1.0"
4012,"1_2_9_0.18,1_2_18_0.08,1_2_30_0.03,2_5_12_1.0"
4013,2_5_45_1.0
5011,"1_2_7_0.18,1_2_16_0.08,1_2_30_0.03,2_5_15_1.0"
5012,"1_2_7_0.18,1_2_18_0.08,1_2_26_0.03,2_5_15_1.0"
5013,2_5_51_1.0
6011,"1_2_19_0.18,1_2_30_0.08,1_2_45_0.03,2_5_15_1.0"
6012,"1_2_19_0.18,1_2_32_0.08,1_2_45_0.03,2_5_15_1.0"
6013,2_5_57_1.0
7011,"1_2_21_0.18,1_2_30_0.08,1_2_45_0.03,2_5_18_1.0"
7012,"1_2_23_0.18,1_2_29_0.08,1_2_36_0.03,2_5_18_1.0"
7013,2_5_63_1.0
8011,"1_2_11_0.18,1_2_25_0.08,1_2_36_0.03,2_5_18_1.0"
8012,"1_2_19_0.18,1_2_32_0.08,1_2_44_0.03,2_5_18_1.0"
8013,2_5_69_1.0
1021,"1_2_23_0.18,1_2_34_0.08,1_2_48_0.03,2_5_20_1.0"
1022,"1_2_19_0.18,1_2_32_0.08,1_2_44_0.03,2_5_20_1.0"
1023,2_5_64_1.0
2021,"1_2_23_0.18,1_2_34_0.08,1_2_48_0.03,2_5_24_1.0"
2022,"1_2_26_0.18,1_2_35_0.08,1_2_46_0.03,2_5_24_1.0"
2023,2_5_104_1.0
3021,"1_2_23_0.18,1_2_34_0.08,1_2_48_0.03,2_5_24_1.0"
3022,"1_2_26_0.18,1_2_35_0.08,1_2_46_0.03,2_5_24_1.0"
3023,2_5_112_1.0
4021,"1_2_23_0.18,1_2_34_0.08,1_2_48_0.03,2_5_24_1.0"
4022,"1_2_26_0.18,1_2_35_0.08,1_2_46_0.03,2_5_24_1.0"
4023,2_5_120_1.0
5021,"1_2_23_0.18,1_2_34_0.08,1_2_48_0.03,2_5_24_1.0"
5022,"1_2_26_0.18,1_2_35_0.08,1_2_46_0.03,2_5_24_1.0"
5023,2_5_136_1.0
6021,"1_2_23_0.18,1_2_34_0.08,1_2_48_0.03,2_5_30_1.0"
6022,"1_2_26_0.18,1_2_35_0.08,1_2_46_0.03,2_5_30_1.0"
6023,2_5_150_1.0
7021,"1_2_23_0.18,1_2_34_0.08,1_2_48_0.03,2_5_30_1.0"
7022,"1_2_26_0.18,1_2_35_0.08,1_2_46_0.03,2_5_30_1.0"
7023,2_5_170_1.0
8021,"1_2_23_0.18,1_2_34_0.08,1_2_48_0.03,2_5_35_1.0"
8022,"1_2_26_0.18,1_2_35_0.08,1_2_46_0.03,2_5_35_1.0"
8023,2_5_200_1.0
1031,"1_2_32_0.18,1_2_40_0.08,1_2_50_0.03,2_5_35_1.0"
1032,"1_2_32_0.18,1_2_40_0.08,1_2_50_0.03,2_5_35_1.0"
1033,2_5_300_1.0
2031,"1_2_32_0.18,1_2_40_0.08,1_2_50_0.03,2_5_40_1.0"
2032,"1_2_32_0.18,1_2_40_0.08,1_2_50_0.03,2_5_40_1.0"
2033,2_5_320_1.0
3031,"1_2_32_0.18,1_2_40_0.08,1_2_50_0.03,2_5_40_1.0"
3032,"1_2_32_0.18,1_2_40_0.08,1_2_50_0.03,2_5_40_1.0"
3033,2_5_350_1.0
4031,"1_2_32_0.18,1_2_40_0.08,1_2_50_0.03,2_5_40_1.0"
4032,"1_2_32_0.18,1_2_40_0.08,1_2_50_0.03,2_5_40_1.0"
4033,2_5_370_1.0
5031,"1_2_32_0.18,1_2_40_0.08,1_2_50_0.03,2_5_40_1.0"
5032,"1_2_32_0.18,1_2_40_0.08,1_2_50_0.03,2_5_40_1.0"
5033,2_5_440_1.0
6031,"1_2_32_0.18,1_2_40_0.08,1_2_50_0.03,2_5_45_1.0"
6032,"1_2_32_0.18,1_2_40_0.08,1_2_50_0.03,2_5_45_1.0"
6033,2_5_470_1.0
7031,"1_2_32_0.18,1_2_40_0.08,1_2_50_0.03,2_5_45_1.0"
7032,"1_2_32_0.18,1_2_40_0.08,1_2_50_0.03,2_5_45_1.0"
7033,2_5_500_1.0
8031,"1_2_32_0.18,1_2_40_0.08,1_2_50_0.03,2_5_45_1.0"
8032,"1_2_32_0.18,1_2_40_0.08,1_2_50_0.03,2_5_45_1.0"
8033,2_5_530_1.0
1041,"1_2_38_0.18,1_2_52_0.08,1_2_69_0.03,2_5_45_1.0"
1042,"1_2_38_0.18,1_2_52_0.08,1_2_69_0.03,2_5_45_1.0"
1043,2_5_547_1.0
2041,"1_2_38_0.18,1_2_52_0.08,1_2_69_0.03,2_5_45_1.0"
2042,"1_2_38_0.18,1_2_52_0.08,1_2_69_0.03,2_5_45_1.0"
2043,2_5_579_1.0
3041,"1_2_38_0.18,1_2_52_0.08,1_2_69_0.03,2_5_50_1.0"
3042,"1_2_38_0.18,1_2_52_0.08,1_2_69_0.03,2_5_50_1.0"
3043,2_5_592_1.0
4041,"1_2_38_0.18,1_2_52_0.08,1_2_69_0.03,2_5_50_1.0"
4042,"1_2_38_0.18,1_2_52_0.08,1_2_69_0.03,2_5_50_1.0"
4043,2_5_621_1.0
5041,"1_2_38_0.18,1_2_52_0.08,1_2_69_0.03,2_5_50_1.0"
5042,"1_2_38_0.18,1_2_52_0.08,1_2_69_0.03,2_5_50_1.0"
5043,2_5_635_1.0
6041,"1_2_38_0.18,1_2_52_0.08,1_2_69_0.03,2_5_50_1.0"
6042,"1_2_38_0.18,1_2_52_0.08,1_2_69_0.03,2_5_50_1.0"
6043,2_5_654_1.0
7041,"1_2_38_0.18,1_2_52_0.08,1_2_69_0.03,2_5_50_1.0"
7042,"1_2_38_0.18,1_2_52_0.08,1_2_69_0.03,2_5_50_1.0"
7043,2_5_676_1.0
8041,"1_2_38_0.18,1_2_52_0.08,1_2_69_0.03,2_5_50_1.0"
8042,"1_2_38_0.18,1_2_52_0.08,1_2_69_0.03,2_5_50_1.0"
8043,2_5_697_1.0
1051,"1_2_42_0.18,1_2_60_0.08,1_2_80_0.03,2_5_50_1.0"
1052,"1_2_42_0.18,1_2_60_0.08,1_2_80_0.03,2_5_50_1.0"
1053,2_5_720_1.0
2051,"1_2_42_0.18,1_2_60_0.08,1_2_80_0.03,2_5_50_1.0"
2052,"1_2_42_0.18,1_2_60_0.08,1_2_80_0.03,2_5_50_1.0"
2053,2_5_740_1.0
3051,"1_2_42_0.18,1_2_60_0.08,1_2_80_0.03,2_5_50_1.0"
3052,"1_2_42_0.18,1_2_60_0.08,1_2_80_0.03,2_5_50_1.0"
3053,2_5_770_1.0
4051,"1_2_42_0.18,1_2_60_0.08,1_2_80_0.03,2_5_50_1.0"
4052,"1_2_42_0.18,1_2_60_0.08,1_2_80_0.03,2_5_50_1.0"
4053,2_5_800_1.0
5051,"1_2_42_0.18,1_2_60_0.08,1_2_80_0.03,2_5_55_1.0"
5052,"1_2_42_0.18,1_2_60_0.08,1_2_80_0.03,2_5_55_1.0"
5053,2_5_820_1.0
6051,"1_2_42_0.18,1_2_60_0.08,1_2_80_0.03,2_5_55_1.0"
6052,"1_2_42_0.18,1_2_60_0.08,1_2_80_0.03,2_5_55_1.0"
6053,2_5_850_1.0
7051,"1_2_42_0.18,1_2_60_0.08,1_2_80_0.03,2_5_55_1.0"
7052,"1_2_42_0.18,1_2_60_0.08,1_2_80_0.03,2_5_55_1.0"
7053,2_5_880_1.0
8051,"1_2_42_0.18,1_2_60_0.08,1_2_80_0.03,2_5_55_1.0"
8052,"1_2_42_0.18,1_2_60_0.08,1_2_80_0.03,2_5_55_1.0"
8053,2_5_900_1.0
1061,"1_2_45_0.18,1_2_65_0.08,1_2_85_0.03,2_5_55_1.0"
1062,"1_2_45_0.18,1_2_65_0.08,1_2_85_0.03,2_5_55_1.0"
1063,2_5_900_1.0
2061,"1_2_45_0.18,1_2_65_0.08,1_2_85_0.03,2_5_55_1.0"
2062,"1_2_45_0.18,1_2_65_0.08,1_2_85_0.03,2_5_55_1.0"
2063,2_5_925_1.0
3061,"1_2_45_0.18,1_2_65_0.08,1_2_85_0.03,2_5_55_1.0"
3062,"1_2_45_0.18,1_2_65_0.08,1_2_85_0.03,2_5_55_1.0"
3063,2_5_950_1.0
4061,"1_2_45_0.18,1_2_65_0.08,1_2_85_0.03,2_5_55_1.0"
4062,"1_2_45_0.18,1_2_65_0.08,1_2_85_0.03,2_5_55_1.0"
4063,2_5_980_1.0
5061,"1_2_45_0.18,1_2_65_0.08,1_2_85_0.03,2_5_60_1.0"
5062,"1_2_45_0.18,1_2_65_0.08,1_2_85_0.03,2_5_60_1.0"
5063,2_5_980_1.0
6061,"1_2_45_0.18,1_2_65_0.08,1_2_85_0.03,2_5_60_1.0"
6062,"1_2_45_0.18,1_2_65_0.08,1_2_85_0.03,2_5_60_1.0"
6063,2_5_1000_1.0
7061,"1_2_45_0.18,1_2_65_0.08,1_2_85_0.03,2_5_60_1.0"
7062,"1_2_45_0.18,1_2_65_0.08,1_2_85_0.03,2_5_60_1.0"
7063,2_5_1025_1.0
8061,"1_2_45_0.18,1_2_65_0.08,1_2_85_0.03,2_5_60_1.0"
8062,"1_2_45_0.18,1_2_65_0.08,1_2_85_0.03,2_5_60_1.0"
8063,2_5_1050_1.0
1071,"1_2_45_0.18,1_2_65_0.08,1_2_85_0.03,2_5_55_1.0"
1072,"1_2_45_0.18,1_2_65_0.08,1_2_85_0.03,2_5_55_1.0"
1073,2_5_900_1.0
2071,"1_2_45_0.18,1_2_65_0.08,1_2_85_0.03,2_5_55_1.0"
2072,"1_2_45_0.18,1_2_65_0.08,1_2_85_0.03,2_5_55_1.0"
2073,2_5_925_1.0
3071,"1_2_45_0.18,1_2_65_0.08,1_2_85_0.03,2_5_55_1.0"
3072,"1_2_45_0.18,1_2_65_0.08,1_2_85_0.03,2_5_55_1.0"
3073,2_5_950_1.0
4071,"1_2_45_0.18,1_2_65_0.08,1_2_85_0.03,2_5_55_1.0"
4072,"1_2_45_0.18,1_2_65_0.08,1_2_85_0.03,2_5_55_1.0"
4073,2_5_980_1.0
5071,"1_2_45_0.18,1_2_65_0.08,1_2_85_0.03,2_5_60_1.0"
5072,"1_2_45_0.18,1_2_65_0.08,1_2_85_0.03,2_5_60_1.0"
5073,2_5_980_1.0
6071,"1_2_45_0.18,1_2_65_0.08,1_2_85_0.03,2_5_60_1.0"
6072,"1_2_45_0.18,1_2_65_0.08,1_2_85_0.03,2_5_60_1.0"
6073,2_5_1000_1.0
7071,"1_2_45_0.18,1_2_65_0.08,1_2_85_0.03,2_5_60_1.0"
7072,"1_2_45_0.18,1_2_65_0.08,1_2_85_0.03,2_5_60_1.0"
7073,2_5_1025_1.0
8071,"1_2_45_0.18,1_2_65_0.08,1_2_85_0.03,2_5_60_1.0"
8072,"1_2_45_0.18,1_2_65_0.08,1_2_85_0.03,2_5_60_1.0"
8073,2_5_1050_1.0
1081,"1_2_45_0.18,1_2_65_0.08,1_2_85_0.03,2_5_55_1.0"
1082,"1_2_45_0.18,1_2_65_0.08,1_2_85_0.03,2_5_55_1.0"
1083,2_5_900_1.0
2081,"1_2_45_0.18,1_2_65_0.08,1_2_85_0.03,2_5_55_1.0"
2082,"1_2_45_0.18,1_2_65_0.08,1_2_85_0.03,2_5_55_1.0"
2083,2_5_925_1.0
3081,"1_2_45_0.18,1_2_65_0.08,1_2_85_0.03,2_5_55_1.0"
3082,"1_2_45_0.18,1_2_65_0.08,1_2_85_0.03,2_5_55_1.0"
3083,2_5_950_1.0
4081,"1_2_45_0.18,1_2_65_0.08,1_2_85_0.03,2_5_55_1.0"
4082,"1_2_45_0.18,1_2_65_0.08,1_2_85_0.03,2_5_55_1.0"
4083,2_5_980_1.0
5081,"1_2_45_0.18,1_2_65_0.08,1_2_85_0.03,2_5_60_1.0"
5082,"1_2_45_0.18,1_2_65_0.08,1_2_85_0.03,2_5_60_1.0"
5083,2_5_980_1.0
6081,"1_2_45_0.18,1_2_65_0.08,1_2_85_0.03,2_5_60_1.0"
6082,"1_2_45_0.18,1_2_65_0.08,1_2_85_0.03,2_5_60_1.0"
6083,2_5_1000_1.0
7081,"1_2_45_0.18,1_2_65_0.08,1_2_85_0.03,2_5_60_1.0"
7082,"1_2_45_0.18,1_2_65_0.08,1_2_85_0.03,2_5_60_1.0"
7083,2_5_1025_1.0
8081,"1_2_45_0.18,1_2_65_0.08,1_2_85_0.03,2_5_60_1.0"
8082,"1_2_45_0.18,1_2_65_0.08,1_2_85_0.03,2_5_60_1.0"
8083,2_5_1050_1.0
20101,"1_2_500_1.0,1_3_48_1.0,3_10016_1_0.66,3_20041_1_0.33,3_10003_1_0.5,6_gongpinlv1_1_0.5"
20102,"1_2_700_1.0,1_3_48_1.0,3_10016_1_0.66,3_20039_1_0.33,3_10003_1_0.5,6_gongpinlv1_1_0.5"
20103,"1_2_900_1.0,1_3_48_1.0,3_10016_1_1,3_20007_1_0.33,3_10003_1_0.5,6_gongpinlv1_1_0.5"
20104,"1_2_1100_1.0,1_3_48_1.0,3_10017_1_1,3_10017_1_0.33,3_20022_1_0.33,3_10003_1_0.5,6_gongpinlv1_1_0.5"
20105,"1_2_1300_1.0,1_3_48_1.0,3_10016_1_1,3_20018_1_0.33,3_10003_1_0.5,6_gongpinlv1_1_0.5"
20106,"1_2_1500_1.0,1_3_48_1.0,3_10016_1_1,3_20012_1_0.33,3_10003_1_0.5,6_gongpinlv1_1_0.5"
20107,"1_2_1700_1.0,1_3_48_1.0,3_10016_1_1,3_10016_1_0.33,3_20004_1_0.33,3_10003_1_0.5,6_gongpinlv1_1_0.5"
20108,"1_2_1900_1.0,1_3_48_1.0,3_10017_1_1,3_10017_1_0.33,3_20023_1_0.33,3_10003_1_0.5,6_gongpinlv1_1_0.5"
20201,"1_2_700_1.0,1_3_48_1.0,3_10016_1_1,3_10016_1_0.33,3_20005_1_0.33,3_10003_1_0.5,6_gongpinlv1_1_0.8"
20202,"1_2_900_1.0,1_3_48_1.0,3_10016_1_1,3_10016_1_0.33,3_20016_1_0.33,3_10003_1_0.5,6_gongpinlv1_1_0.8"
20203,"1_2_1100_1.0,1_3_48_1.0,3_10016_1_1,3_10016_1_0.66,3_20006_1_0.33,3_10003_1_0.5,6_gongpinlv1_1_0.8"
20204,"1_2_1300_1.0,1_3_48_1.0,3_10017_1_1,3_10017_1_0.66,3_20010_1_0.33,3_10003_1_0.5,6_gongpinlv1_1_0.8"
20205,"1_2_1500_1.0,1_3_48_1.0,3_10016_1_1,3_10016_1_0.66,3_20037_1_0.33,3_10003_1_0.5,6_gongpinlv1_1_0.8"
20206,"1_2_1700_1.0,1_3_48_1.0,3_10016_1_1,3_10016_1_0.66,3_20014_1_0.33,3_10003_1_0.5,6_gongpinlv1_1_0.8"
20207,"1_2_1900_1.0,1_3_48_1.0,3_10016_2_1,3_20040_1_0.33,3_10003_1_0.5,6_gongpinlv1_1_0.8"
20208,"1_2_2100_1.0,1_3_48_1.0,3_10017_1_1,3_10017_1_0.66,3_20017_1_0.33,3_10003_1_0.5,6_gongpinlv1_1_0.8"
20111,"1_2_301_1.0,3_50002_3_1.0"
20112,"1_2_320_1.0,3_50002_3_1.0,3_50002_1_0.5"
20113,"1_2_341_1.0,3_50002_3_1.0,3_50002_1_0.7"
20114,"1_2_363_1.0,3_50002_4_1.0"
20115,"1_2_381_1.0,3_50002_4_1.0,3_50002_1_0.5"
20116,"1_2_394_1.0,3_50003_1_1.0"
20117,"1_2_411_1.0,3_50003_1_1.0"
20118,"1_2_421_1.0,3_50003_1_1.0"
20211,"1_2_436_1.0,3_50002_1_1.0,3_50002_1_0.3,3_50003_1_1.0"
20212,"1_2_451_1.0,3_50002_1_1.0,3_50002_1_0.8,3_50003_1_1.0"
20213,"1_2_466_1.0,3_50002_2_1.0,3_50003_1_1.0"
20214,"1_2_481_1.0,3_50002_2_1.0,3_50002_1_0.8,3_50003_1_1.0"
20215,"1_2_496_1.0,3_50002_3_1.0,3_50002_1_0.3,3_50003_1_1.0"
20216,"1_2_511_1.0,3_50002_4_1.0,3_50003_1_1.0"
20217,"1_2_513_1.0,3_50002_4_1.0,3_50002_1_0.4,3_50003_1_1.0"
20218,"1_2_541_1.0,3_50002_4_1.0,3_50002_1_0.8,3_50003_1_1.0"
20301,"1_2_2000_1.0,1_3_48_1.0,3_10016_2_1,3_20025_1_0.33,3_10003_1_0.5,6_gongpinlv2_1_0.8"
20302,"1_2_2000_1.0,1_3_48_1.0,3_10016_2_1,3_20046_1_0.33,3_10003_1_0.5,6_gongpinlv2_1_0.8"
20303,"1_2_2000_1.0,1_3_48_1.0,3_10016_2_1,3_20002_1_0.33,3_10003_1_0.5,6_gongpinlv2_1_0.8"
20304,"1_2_2100_1.0,1_3_48_1.0,3_10017_1_1,3_10017_1_0.66,3_20009_1_0.33,3_10003_1_0.5,6_gongpinlv2_1_0.8"
20305,"1_2_2000_1.0,1_3_48_1.0,3_10016_2_1,3_20030_1_0.33,3_10003_1_0.5,6_gongpinlv2_1_0.8"
20306,"1_2_2000_1.0,1_3_48_1.0,3_10016_2_1,3_20008_1_0.33,3_10003_1_0.5,6_gongpinlv2_1_0.8"
20307,"1_2_2000_1.0,1_3_48_1.0,3_10016_2_1,3_20021_1_0.33,3_10003_1_0.5,6_gongpinlv2_1_0.8"
20308,"1_2_2200_1.0,1_3_48_1.0,3_10017_2_1,3_20013_1_0.33,3_10003_1_0.5,6_gongpinlv2_1_0.8"
20401,"1_2_2000_1.0,1_3_48_1.0,3_10016_2_1,3_20041_1_0.33,3_10003_1_0.5,6_gongpinlv2_1_1.0"
20402,"1_2_2000_1.0,1_3_48_1.0,3_10016_2_1,3_20039_1_0.33,3_10003_1_0.5,6_gongpinlv2_1_1.0"
20403,"1_2_2000_1.0,1_3_48_1.0,3_10016_2_1,3_20007_1_0.33,3_10003_1_0.5,6_gongpinlv2_1_1.0"
20404,"1_2_2100_1.0,1_3_48_1.0,3_10017_2_1,3_20022_1_0.33,3_10003_1_0.5,6_gongpinlv2_1_1.0"
20405,"1_2_2000_1.0,1_3_48_1.0,3_10016_2_1,3_10016_1_0.33,3_20018_1_0.33,3_10003_1_0.5,6_gongpinlv2_1_1.0"
20406,"1_2_2000_1.0,1_3_48_1.0,3_10016_2_1,3_10016_1_0.33,3_20012_1_0.33,3_10003_1_0.5,6_gongpinlv2_1_1.0"
20407,"1_2_2000_1.0,1_3_48_1.0,3_10016_2_1,3_10016_1_0.33,3_20004_1_0.33,3_10003_1_0.5,6_gongpinlv2_1_1.0"
20408,"1_2_2200_1.0,1_3_48_1.0,3_10017_2_1,3_10017_1_0.33,3_20023_1_0.33,3_10003_1_0.5,6_gongpinlv2_1_1.0"
20311,"1_2_541_1.0,3_50003_2_1.0"
20312,"1_2_562_1.0,3_50002_1_0.5,3_50003_2_1.0"
20313,"1_2_571_1.0,3_50002_1_1.0,3_50003_2_1.0"
20314,"1_2_578_1.0,3_50002_1_1.0,3_50002_1_0.5,3_50003_2_1.0"
20315,"1_2_586_1.0,3_50002_1_1.0,3_50002_1_0.5,3_50003_2_1.0"
20316,"1_2_593_1.0,3_50002_2_1.0,3_50003_2_1.0"
20317,"1_2_607_1.0,3_50002_2_1.0,3_50002_1_0.5,3_50003_2_1.0"
20318,"1_2_612_1.0,3_50002_3_1.0,3_50003_2_1.0"
20411,"1_2_615_1.0,3_50002_3_1.0,3_50003_2_1.0"
20412,"1_2_632_1.0,3_50002_3_1.0,3_50002_1_0.5,3_50003_2_1.0"
20413,"1_2_640_1.0,3_50002_4_1.0,3_50003_2_1.0"
20414,"1_2_720_1.0,3_50002_4_1.0,3_50002_1_0.5,3_50003_2_1.0"
20415,"1_2_718_1.0,3_50002_4_1.0,3_50002_1_0.5,3_50003_2_1.0"
20416,"1_2_734_1.0,3_50003_3_1.0"
20417,"1_2_758_1.0,3_50002_1_0.5,3_50003_3_1.0"
20418,"1_2_775_1.0,3_50002_1_0.5,3_50003_3_1.0"
20501,"1_2_2000_1.0,1_3_48_1.0,3_10016_2_1,3_10016_1_0.33,3_20005_1_0.33,3_10003_1_0.5,6_gongpinlv3_1_1.0"
20502,"1_2_2000_1.0,1_3_48_1.0,3_10016_2_1,3_10016_1_0.33,3_20016_1_0.33,3_10003_1_0.5,6_gongpinlv3_1_1.0"
20503,"1_2_2000_1.0,1_3_48_1.0,3_10016_2_1,3_10016_1_0.33,3_20006_1_0.33,3_10003_1_0.5,6_gongpinlv3_1_1.0"
20504,"1_2_2100_1.0,1_3_48_1.0,3_10017_2_1,3_10017_1_0.33,3_20010_1_0.33,3_10003_1_0.5,6_gongpinlv3_1_1.0"
20505,"1_2_2000_1.0,1_3_48_1.0,3_10016_2_1,3_10016_1_0.66,3_20037_1_0.33,3_10003_1_0.5,6_gongpinlv3_1_1.0"
20506,"1_2_2000_1.0,1_3_48_1.0,3_10016_2_1,3_10016_1_0.66,3_20014_1_0.33,3_10003_1_0.5,6_gongpinlv3_1_1.0"
20507,"1_2_2000_1.0,1_3_48_1.0,3_10016_2_1,3_10016_1_0.66,3_20040_1_0.33,3_10003_1_0.5,6_gongpinlv3_1_1.0"
20508,"1_2_2200_1.0,1_3_48_1.0,3_10017_2_1,3_10017_1_0.66,3_20017_1_0.33,3_10003_1_0.5,6_gongpinlv3_1_1.0"
20601,"1_2_2000_1.0,1_3_48_1.0,3_10016_2_1,3_10016_1_0.66,3_20025_1_0.33,3_10003_1_0.5,6_gongpinlv3_1_1.0"
20602,"1_2_2000_1.0,1_3_48_1.0,3_10016_2_1,3_10016_1_0.66,3_20046_1_0.33,3_10003_1_0.5,6_gongpinlv3_1_1.0"
20603,"1_2_2000_1.0,1_3_48_1.0,3_10016_2_1,3_10016_1_0.66,3_20002_1_0.33,3_10003_1_0.5,6_gongpinlv3_1_1.0"
20604,"1_2_2100_1.0,1_3_48_1.0,3_10017_2_1,3_10017_1_0.66,3_20009_1_0.33,3_10003_1_0.5,6_gongpinlv3_1_1.0"
20605,"1_2_2000_1.0,1_3_48_1.0,3_10016_3_1,3_20030_1_0.33,3_10003_1_0.5,6_gongpinlv3_1_1.0"
20606,"1_2_2000_1.0,1_3_48_1.0,3_10016_2_1,3_20008_1_0.33,3_10003_1_0.5,6_gongpinlv3_1_1.0"
20607,"1_2_2000_1.0,1_3_48_1.0,3_10016_2_1,3_20021_1_0.33,3_10003_1_0.5,6_gongpinlv3_1_1.0"
20608,"1_2_2200_1.0,1_3_48_1.0,3_10017_2_1,3_20013_1_0.33,3_10003_1_0.5,6_gongpinlv3_1_1.0"
20511,"1_2_615_1.0,3_50002_1_0.5,3_50003_3_1.0"
20512,"1_2_632_1.0,3_50002_1_0.5,3_50003_3_1.0"
20513,"1_2_640_1.0,3_50002_1_1.0,3_50003_3_1.0"
20514,"1_2_720_1.0,3_50002_1_1.0,3_50002_1_0.5,3_50003_3_1.0"
20515,"1_2_718_1.0,3_50002_1_1.0,3_50002_1_0.5,3_50003_3_1.0"
20516,"1_2_734_1.0,3_50002_2_1.0,3_50003_3_1.0"
20517,"1_2_758_1.0,3_50002_2_1.0,3_50003_3_1.0"
20518,"1_2_775_1.0,3_50002_2_1.0,3_50003_3_1.0"
20611,"1_2_630_1.0,3_50002_1_1.0,3_50002_1_0.5,3_50003_3_1.0"
20612,"1_2_647_1.0,3_50002_2_1.0,3_50003_3_1.0"
20613,"1_2_655_1.0,3_50002_2_1.0,3_50002_1_0.5,3_50003_3_1.0"
20614,"1_2_735_1.0,3_50002_3_1.0,3_50003_3_1.0"
20615,"1_2_733_1.0,3_50002_3_1.0,3_50003_3_1.0"
20616,"1_2_749_1.0,3_50002_3_1.0,3_50002_1_0.5,3_50003_3_1.0"
20617,"1_2_773_1.0,3_50002_4_1.0,3_50003_3_1.0"
20618,"1_2_790_1.0,3_50002_4_1.0,3_50002_1_0.5,3_50003_3_1.0"
31001,"1_2_5000_1.0,3_50002_5_1.0"
31002,"1_2_10000_1.0,3_50002_10_1.0"
31003,"1_2_15000_1.0,3_50003_5_1.0"
31004,"1_2_20000_1.0,3_50003_10_1.0"
31005,"1_2_25000_1.0,3_50003_15_1.0"
31006,"1_2_30000_1.0,3_50004_5_1.0"
31007,"1_2_35000_1.0,3_50004_10_1.0"
31008,"1_2_40000_1.0,3_50004_15_1.0"
31011,3_50005_1_1.0
31012,"3_11001_20_1.0,3_10005_5_1.0"
31013,"3_11001_30_1.0,3_10005_5_1.0"
31014,"3_11002_10_1.0,3_10005_5_1.0"
31015,"3_11002_15_1.0,3_10005_5_1.0"
31016,"3_11002_20_1.0,3_10005_5_1.0"
31017,"3_11003_10_1.0,3_10005_5_1.0"
31018,"3_11003_20_1.0,3_10005_5_1.0"
31021,"1_1_300_1.0,3_10003_5_1.0"
31022,"1_1_600_1.0,3_10003_5_1.0"
31023,"1_1_900_1.0,3_10003_10_1.0"
31024,"1_1_1200_1.0,3_10003_15_1.0"
31025,"1_1_1500_1.0,3_10003_20_1.0"
31026,"1_1_1800_1.0,3_10003_25_1.0"
31027,"1_1_2100_1.0,3_10003_30_1.0"
31028,"1_1_2400_1.0,3_10003_35_1.0"
32001,"1_2_10000_1.0,3_10016_5_1.0"
32002,"1_2_20000_1.0,3_10016_10_1.0"
32003,"1_2_30000_1.0,3_10016_15_1.0"
32004,"1_2_40000_1.0,3_10016_15_1.0"
32005,"1_2_50000_1.0,3_10016_20_1.0"
32006,"1_2_60000_1.0,3_10016_20_1.0"
32011,"1_1_150_1.0,3_10017_5_1.0"
32012,"1_1_250_1.0,3_10017_5_1.0"
32013,"1_1_350_1.0,3_10017_5_1.0"
32014,"1_1_450_1.0,3_10017_5_1.0"
32015,"1_1_550_1.0,3_10017_5_1.0"
32016,"1_1_650_1.0,3_10017_5_1.0"
32021,"1_1_500_1.0,3_40070_1_1.0"
32022,"1_1_1000_1.0,3_40070_1_1.0"
32023,"1_1_1500_1.0,3_40071_1_1.0"
32024,"1_1_2000_1.0,3_40071_1_1.0"
32025,"1_1_2500_1.0,3_40072_1_1.0"
32026,"1_1_3000_1.0,3_40072_1_1.0"
41001,"1_2_1_1.0,1_3_1_1.0,3_101_1_1.0,3_102_1_1.0"
42001,"1_2_1_1.0,1_3_1_1.0,3_10016_1_1.0,3_10017_1_1.0,3_20041_1_1.0,3_20039_1_1.0,3_20007_1_1.0,3_20022_1_1.0,3_20018_1_1.0,3_20012_1_1.0,3_20004_1_1.0,3_20023_1_1.0,3_10021_1_1.0,3_10022_1_1.0,3_10023_1_1.0"
41002,"1_2_1_1.0,1_3_1_1.0,3_11001_1_1.0,3_10005_1_1.0,3_103_1_1.0,3_105_1_1.0"
42002,"1_2_1_1.0,1_3_1_1.0,3_10016_1_1.0,3_10017_1_1.0,3_20005_1_1.0,3_20016_1_1.0,3_20006_1_1.0,3_20010_1_1.0,3_20037_1_1.0,3_20014_1_1.0,3_20040_1_1.0,3_20017_1_1.0,3_10021_1_1.0,3_10022_1_1.0,3_10023_1_1.0"
41003,"1_2_1_1.0,1_3_1_1.0,3_11001_1_1.0,3_10005_1_1.0,3_104_1_1.0,3_106_1_1.0"
42003,"1_2_1_1.0,1_3_1_1.0,3_10016_1_1.0,3_10017_1_1.0,3_20025_1_1.0,3_20046_1_1.0,3_20002_1_1.0,3_20009_1_1.0,3_20030_1_1.0,3_20008_1_1.0,3_20021_1_1.0,3_20013_1_1.0,3_10021_1_1.0,3_10022_1_1.0,3_10023_1_1.0"
41004,"1_2_1_1.0,1_3_1_1.0,3_11002_1_1.0,3_10005_1_1.0,3_101_1_1.0,3_102_1_1.0"
42004,"1_2_1_1.0,1_3_1_1.0,3_10016_1_1.0,3_10017_1_1.0,3_20041_1_1.0,3_20039_1_1.0,3_20007_1_1.0,3_20022_1_1.0,3_20018_1_1.0,3_20012_1_1.0,3_20004_1_1.0,3_20023_1_1.0,3_10021_1_1.0,3_10022_1_1.0,3_10023_1_1.0"
41005,"1_2_1_1.0,1_3_1_1.0,3_11002_1_1.0,3_10005_1_1.0,3_103_1_1.0,3_105_1_1.0"
41006,"1_2_1_1.0,1_3_1_1.0,3_11002_1_1.0,3_10005_1_1.0,3_104_1_1.0,3_106_1_1.0"
41007,"1_2_1_1.0,1_3_1_1.0,3_11003_1_1.0,3_10005_1_1.0,3_101_1_1.0,3_102_1_1.0"
41008,"1_2_1_1.0,1_3_1_1.0,3_11003_1_1.0,3_10005_1_1.0,3_103_1_1.0,3_105_1_1.0"
42005,"1_2_1_1.0,1_3_1_1.0,3_10016_1_1.0,3_10017_1_1.0,3_20005_1_1.0,3_20016_1_1.0,3_20006_1_1.0,3_20010_1_1.0,3_20037_1_1.0,3_20014_1_1.0,3_20040_1_1.0,3_20017_1_1.0,3_10021_1_1.0,3_10022_1_1.0,3_10023_1_1.0"
42006,"1_2_1_1.0,1_3_1_1.0,3_10016_1_1.0,3_10017_1_1.0,3_20025_1_1.0,3_20046_1_1.0,3_20002_1_1.0,3_20009_1_1.0,3_20030_1_1.0,3_20008_1_1.0,3_20021_1_1.0,3_20013_1_1.0,3_10021_1_1.0,3_10022_1_1.0,3_10023_1_1.0"
1113,2_5_180_1.0
2113,2_5_190_1.0
3113,2_5_200_1.0
4113,2_5_220_1.0
5113,2_5_240_1.0
6113,2_5_280_1.0
7113,2_5_300_1.0
8113,2_5_320_1.0
1123,2_5_340_1.0
2123,2_5_360_1.0
3123,2_5_380_1.0
4123,2_5_420_1.0
5123,2_5_450_1.0
6123,2_5_480_1.0
7123,2_5_500_1.0
8123,2_5_520_1.0
1133,2_5_550_1.0
2133,2_5_570_1.0
3133,2_5_590_1.0
4133,2_5_610_1.0
5133,2_5_630_1.0
6133,2_5_650_1.0
7133,2_5_670_1.0
8133,2_5_690_1.0
1143,2_5_710_1.0
2143,2_5_730_1.0
3143,2_5_750_1.0
4143,2_5_770_1.0
5143,2_5_790_1.0
6143,2_5_810_1.0
7143,2_5_830_1.0
8143,2_5_850_1.0
1153,2_5_850_1.0
2153,2_5_850_1.0
3153,2_5_880_1.0
4153,2_5_900_1.0
5153,2_5_900_1.0
6153,2_5_925_1.0
7153,2_5_925_1.0
8153,2_5_925_1.0
1163,2_5_900_1.0
2163,2_5_925_1.0
3163,2_5_950_1.0
4163,2_5_980_1.0
5163,2_5_980_1.0
6163,2_5_1000_1.0
7163,2_5_1025_1.0
8163,2_5_1050_1.0
33101,"1_2_1_1.0,1_3_1_1.0"
33102,"1_2_1_1.0,1_3_1_1.0,3_101_1_1.0"
33103,"1_2_1_1.0,1_3_1_1.0,3_102_1_1.0"
33111,"1_2_1_1.0,1_3_1_1.0,3_11001_1_1.0"
33112,"1_2_1_1.0,1_3_1_1.0,3_10005_1_1.0,3_103_1_1.0"
33113,"1_2_1_1.0,1_3_1_1.0,3_10005_1_1.0,3_105_1_1.0"
33121,"1_2_1_1.0,1_3_1_1.0,3_10005_1_1.0,3_104_1_1.0"
33122,"1_2_1_1.0,1_3_1_1.0,3_10005_1_1.0,3_106_1_1.0"
33131,"1_2_1_1.0,1_3_1_1.0,3_11002_1_1.0"
33132,"1_2_1_1.0,1_3_1_1.0,3_10005_1_1.0,3_101_1_1.0"
33133,"1_2_1_1.0,1_3_1_1.0,3_10005_1_1.0,3_102_1_1.0"
33201,"1_2_1_1.0,1_3_1_1.0,3_10016_1_1.0,3_20041_1_1.0"
33202,"1_2_1_1.0,1_3_1_1.0,3_10016_1_1.0,3_20039_1_1.0"
33203,"1_2_1_1.0,1_3_1_1.0,3_10016_1_1.0,3_20007_1_1.0"
33204,"1_2_1_1.0,1_3_1_1.0,3_10017_1_1,3_20022_1_1.0"
33205,"1_2_1_1.0,1_3_1_1.0,3_10016_1_1.0,3_20018_1_1.0"
33206,"1_2_1_1.0,1_3_1_1.0,3_10016_1_1.0,3_20012_1_1.0"
33207,"1_2_1_1.0,1_3_1_1.0,3_10016_1_1.0,3_20004_1_1.0"
33208,"1_2_1_1.0,1_3_1_1.0,3_10017_1_1,3_20023_1_1.0"
33211,"1_2_1_1.0,1_3_1_1.0,3_10016_1_1.0,3_20005_1_1.0"
33212,"1_2_1_1.0,1_3_1_1.0,3_10016_1_1.0,3_20016_1_1.0"
33213,"1_2_1_1.0,1_3_1_1.0,3_10016_1_1.0,3_20006_1_1.0"
33214,"1_2_1_1.0,1_3_1_1.0,3_10017_1_1,3_20010_1_1.0"
33215,"1_2_1_1.0,1_3_1_1.0,3_10016_1_1.0,3_20037_1_1.0"
33216,"1_2_1_1.0,1_3_1_1.0,3_10016_1_1.0,3_20014_1_1.0"
33217,"1_2_1_1.0,1_3_1_1.0,3_10016_1_1.0,3_20040_1_1.0"
33218,"1_2_1_1.0,1_3_1_1.0,3_10017_1_1,3_20017_1_1.0"
33221,"1_2_1_1.0,1_3_1_1.0,3_10016_1_1.0,3_20025_1_1.0"
33222,"1_2_1_1.0,1_3_1_1.0,3_10016_1_1.0,3_20046_1_1.0"
33223,"1_2_1_1.0,1_3_1_1.0,3_10016_1_1.0,3_20002_1_1.0"
33224,"1_2_1_1.0,1_3_1_1.0,3_10017_1_1,3_20009_1_1.0"
33225,"1_2_1_1.0,1_3_1_1.0,3_10016_1_1.0,3_20030_1_1.0"
33226,"1_2_1_1.0,1_3_1_1.0,3_10016_1_1.0,3_20008_1_1.0"
33227,"1_2_1_1.0,1_3_1_1.0,3_10016_1_1.0,3_20021_1_1.0"
33228,"1_2_1_1.0,1_3_1_1.0,3_10017_1_1,3_20013_1_1.0"
33231,3_10016_1_1.0
33232,"3_10016_1_1.0,3_20007_1_1.0"
33233,3_10017_1_1.0
33234,"3_10017_1_1.0,3_20021_1_1.0"
10001,"1_3_20_1.0,1_2_200_1.0,3_20009_30_1.0,1_1_50_1.0"
10002,"1_3_25_1.0,1_2_300_1.0,3_20013_30_1.0,1_1_50_1.0"
10003,"1_3_25_1.0,1_2_400_1.0,3_50002_5_1.0,1_1_50_1.0"
10004,"1_3_50_1.0,1_2_500_1.0,1_1_50_1.0"
10005,"1_3_40_1.0,1_2_600_1.0,4_70020_1_1_0_1.0,4_70009_1_1_0_1.0,3_20018_20_1.0,1_1_50_1.0"
10006,"1_3_45_1.0,1_2_700_1.0,3_50002_5_1.0,4_70002_1_1_0_1.0,1_1_50_1.0"
10007,"1_3_50_1.0,1_2_800_1.0,4_70021_1_1_0_1.0,1_1_50_1.0"
10008,"1_3_100_1.0,1_2_900_1.0,4_70010_1_1_0_1.0,1_1_50_1.0"
10009,"1_3_80_1.0,1_2_1000_1.0,3_20005_5_1.0,3_10003_5_1.0,1_1_50_1.0"
10010,"1_3_90_1.0,1_2_1100_1.0,3_20005_5_1.0,1_1_50_1.0"
10011,"1_3_100_1.0,1_2_1200_1.0,3_20005_5_1.0,1_1_50_1.0"
10012,"1_3_150_1.0,1_2_1300_1.0,3_20005_5_1.0,1_1_50_1.0"
10013,"1_3_120_1.0,1_2_1400_1.0,1_1_50_1.0"
10014,"1_3_135_1.0,1_2_1500_1.0,1_1_50_1.0"
10015,"1_3_150_1.0,1_2_1600_1.0,1_1_50_1.0"
10016,"1_3_200_1.0,1_2_1700_1.0,3_10005_3_1.0,1_1_50_1.0"
10017,"1_3_200_1.0,1_2_1800_1.0,1_1_50_1.0"
10018,"1_3_250_1.0,1_2_1900_1.0,1_1_50_1.0"
10019,"1_3_300_1.0,1_2_2000_1.0,1_1_50_1.0"
10020,"1_3_400_1.0,1_2_2100_1.0,1_1_50_1.0"
10021,"1_3_300_1.0,1_2_2200_1.0,1_1_50_1.0"
10022,"1_3_300_1.0,1_2_2300_1.0,1_1_50_1.0"
10023,"1_3_300_1.0,1_2_2400_1.0,1_1_50_1.0"
10024,"1_3_500_1.0,1_2_2500_1.0,1_1_50_1.0"
10025,"1_3_300_1.0,1_2_2600_1.0,1_1_50_1.0"
10026,"1_3_300_1.0,1_2_2700_1.0,1_1_50_1.0"
10027,"1_3_300_1.0,1_2_2800_1.0,1_1_50_1.0"
10028,"1_3_500_1.0,1_2_2900_1.0,1_1_50_1.0"
10029,"1_3_300_1.0,1_2_3000_1.0,1_1_50_1.0"
10030,"1_3_300_1.0,1_2_3100_1.0,1_1_50_1.0"
10031,"1_3_300_1.0,1_2_3200_1.0,1_1_50_1.0"
10032,"1_3_600_1.0,1_2_3300_1.0,1_1_50_1.0"
10033,"1_3_800_1.0,1_2_5000_1.0,3_11002_10_1.0,3_50003_5_1.0"
10034,"1_3_300_1.0,1_2_3400_1.0,1_1_50_1.0"
10035,"1_3_300_1.0,1_2_3500_1.0,1_1_50_1.0"
10036,"1_3_300_1.0,1_2_3600_1.0,1_1_50_1.0"
10037,"1_3_500_1.0,1_2_3700_1.0,1_1_50_1.0"
10038,"1_3_300_1.0,1_2_3800_1.0,1_1_50_1.0"
10039,"1_3_300_1.0,1_2_3900_1.0,1_1_50_1.0"
10040,"1_3_300_1.0,1_2_4000_1.0,1_1_50_1.0"
10041,"1_3_600_1.0,1_2_4100_1.0,1_1_50_1.0"
10042,"1_3_1000_1.0,1_2_5000_1.0,3_11002_20_1.0,3_50003_10_1.0"
10043,"1_3_300_1.0,1_2_4200_1.0,1_1_50_1.0"
10044,"1_3_300_1.0,1_2_4300_1.0,1_1_50_1.0"
10045,"1_3_300_1.0,1_2_4400_1.0,1_1_50_1.0"
10046,"1_3_500_1.0,1_2_4500_1.0,1_1_50_1.0"
10047,"1_3_300_1.0,1_2_4600_1.0,1_1_50_1.0"
10048,"1_3_300_1.0,1_2_4700_1.0,1_1_50_1.0"
10049,"1_3_300_1.0,1_2_4800_1.0,1_1_50_1.0"
10050,"1_3_600_1.0,1_2_4900_1.0,1_1_50_1.0"
10051,"1_3_1000_1.0,1_2_10000_1.0,3_11002_30_1.0,3_50004_5_1.0"
10052,"1_3_400_1.0,1_2_5000_1.0,1_1_50_1.0"
10053,"1_3_400_1.0,1_2_5000_1.0,1_1_50_1.0"
10054,"1_3_400_1.0,1_2_5000_1.0,1_1_50_1.0"
10055,"1_3_600_1.0,1_2_5000_1.0,1_1_50_1.0"
10056,"1_3_1500_1.0,1_2_15000_1.0,3_11003_5_1.0,3_10018_1_1.0"
10057,"1_3_400_1.0,1_2_5000_1.0,1_1_50_1.0"
10058,"1_3_400_1.0,1_2_5000_1.0,1_1_50_1.0"
10059,"1_3_400_1.0,1_2_5000_1.0,1_1_50_1.0"
10060,"1_3_600_1.0,1_2_5000_1.0,1_1_50_1.0"
10061,"1_3_1500_1.0,1_2_15000_1.0,3_11003_5_1.0,3_10018_2_1.0"
10062,"1_3_500_1.0,1_2_5000_1.0,1_1_50_1.0"
10063,"1_3_500_1.0,1_2_5000_1.0,1_1_50_1.0"
10064,"1_3_500_1.0,1_2_5000_1.0,1_1_50_1.0"
10065,"1_3_700_1.0,1_2_5000_1.0,1_1_50_1.0"
10066,"1_3_2000_1.0,1_2_20000_1.0,3_11003_10_1.0,3_40052_5_1.0"
10067,"1_3_500_1.0,1_2_5000_1.0,1_1_50_1.0"
10068,"1_3_500_1.0,1_2_5000_1.0,1_1_50_1.0"
10069,"1_3_500_1.0,1_2_5000_1.0,1_1_50_1.0"
10070,"1_3_800_1.0,1_2_5000_1.0,1_1_50_1.0"
10071,"1_3_2000_1.0,1_2_20000_1.0,3_11003_10_1.0,3_40053_2_1.0"
20001,"1_3_5_1.0,1_2_300_1.0"
20002,"1_3_5_1.0,1_2_500_1.0"
20003,"1_3_10_1.0,1_2_700_1.0"
20004,"1_3_15_1.0,1_2_1000_1.0"
20005,"1_3_20_1.0,1_2_1000_1.0"
20006,"1_3_20_1.0,1_2_1500_1.0"
20007,"1_3_20_1.0,1_2_1000_1.0"
20008,"1_3_30_1.0,1_2_2000_1.0,1_1_20_1.0"
50009,"1_3_50_1.0,1_2_5000_1.0"
20010,"1_3_40_1.0,1_2_2000_1.0"
20011,"1_3_50_1.0,1_2_1000_1.0"
20012,"1_3_40_1.0,1_2_1200_1.0,3_11001_3_1.0"
20013,"1_3_60_1.0,1_2_1500_1.0,3_11001_10_1.0"
20014,"1_3_66_1.0,1_2_1500_1.0,3_50002_5_1.0"
20015,"1_3_50_1.0,1_2_4000_1.0"
20016,"1_3_80_1.0,1_2_3000_1.0"
20017,"1_3_100_1.0,1_2_5000_1.0"
20018,"1_3_50_1.0,1_2_5000_1.0,3_50002_5_1.0"
20019,"1_3_100_1.0,1_2_2500_1.0"
20020,"1_3_150_1.0,1_2_3000_1.0"
20021,"1_3_150_1.0,1_2_3000_1.0"
20022,"1_3_200_1.0,1_2_4000_1.0,3_50003_5_1.0"
20023,"1_3_400_1.0,1_2_4000_1.0"
20024,"1_3_500_1.0,1_2_4500_1.0"
20025,"1_3_800_1.0,1_2_5000_1.0"
20026,"1_3_800_1.0,1_2_5000_1.0,3_50004_5_1.0"
20027,"1_3_1000_1.0,1_2_10000_1.0"
30001,"1_3_100_1.0,1_2_500_1.0,1_1_100_1.0"
30002,"1_3_100_1.0,1_2_600_1.0,1_1_100_1.0"
30003,"1_3_100_1.0,1_2_700_1.0,1_1_100_1.0"
30004,"1_3_100_1.0,1_2_800_1.0,3_10017_5_1.0,1_1_100_1.0"
30005,"1_3_100_1.0,1_2_900_1.0,1_1_100_1.0"
30006,"1_3_100_1.0,1_2_1000_1.0,1_1_100_1.0"
30007,"1_3_100_1.0,1_2_1100_1.0,1_1_100_1.0"
30008,"1_3_100_1.0,1_2_1200_1.0,1_1_100_1.0"
30009,"1_3_200_1.0,1_2_1300_1.0,1_1_100_1.0"
30010,"1_3_200_1.0,1_2_1400_1.0,1_1_100_1.0"
30011,"1_3_200_1.0,1_2_1500_1.0,1_1_100_1.0"
30012,"1_3_200_1.0,1_2_1600_1.0,1_1_100_1.0"
30013,"1_3_200_1.0,1_2_1700_1.0,1_1_100_1.0"
30014,"1_3_200_1.0,1_2_1800_1.0,1_1_100_1.0"
30015,"1_3_200_1.0,1_2_1900_1.0,1_1_100_1.0"
30016,"1_3_300_1.0,1_2_2000_1.0,1_1_100_1.0"
30017,"1_3_300_1.0,1_2_2100_1.0,1_1_100_1.0"
30018,"1_3_300_1.0,1_2_2200_1.0,1_1_100_1.0"
30019,"1_3_300_1.0,1_2_2300_1.0,1_1_100_1.0"
30020,"1_3_300_1.0,1_2_2400_1.0,1_1_100_1.0"
30021,"1_3_400_1.0,1_2_2500_1.0,1_1_100_1.0"
30022,"1_3_400_1.0,1_2_2600_1.0,1_1_100_1.0"
30023,"1_3_400_1.0,1_2_2700_1.0,1_1_100_1.0"
30024,"1_3_400_1.0,1_2_2800_1.0,1_1_100_1.0"
30025,"1_3_500_1.0,1_2_2900_1.0,1_1_100_1.0"
30026,"1_3_500_1.0,1_2_3000_1.0,1_1_100_1.0"
30027,"1_3_500_1.0,1_2_3100_1.0,1_1_100_1.0"
30028,"1_3_500_1.0,1_2_3200_1.0,1_1_100_1.0"
30029,"1_3_600_1.0,1_2_3300_1.0,1_1_100_1.0"
30030,"1_3_600_1.0,1_2_3400_1.0,1_1_100_1.0"
30031,"1_3_600_1.0,1_2_3500_1.0,1_1_100_1.0"
30032,"1_3_600_1.0,1_2_3600_1.0,1_1_100_1.0"
30033,"1_3_700_1.0,1_2_3700_1.0,1_1_100_1.0"
30034,"1_3_700_1.0,1_2_3800_1.0,1_1_100_1.0"
30035,"1_3_700_1.0,1_2_3900_1.0,1_1_100_1.0"
30036,"1_3_700_1.0,1_2_4000_1.0,1_1_100_1.0"
30037,"1_3_700_1.0,1_2_4100_1.0,1_1_100_1.0"
30038,"1_3_700_1.0,1_2_4200_1.0,1_1_100_1.0"
30039,"1_3_700_1.0,1_2_4300_1.0,1_1_100_1.0"
30040,"1_3_700_1.0,1_2_4400_1.0,1_1_100_1.0"
30041,"1_3_700_1.0,1_2_4500_1.0,1_1_100_1.0"
30042,"1_3_700_1.0,1_2_4600_1.0,1_1_100_1.0"
30043,"1_3_700_1.0,1_2_4700_1.0,1_1_100_1.0"
30044,"1_3_700_1.0,1_2_4800_1.0,1_1_100_1.0"
30045,"1_3_700_1.0,1_2_4900_1.0,1_1_100_1.0"
30046,"1_3_700_1.0,1_2_5000_1.0,1_1_100_1.0"
30047,"1_3_700_1.0,1_2_5000_1.0,1_1_100_1.0"
30048,"1_3_700_1.0,1_2_5000_1.0,1_1_100_1.0"
40001,"1_3_60_1.0,1_2_2000_1.0"
40002,"1_3_80_1.0,1_2_3000_1.0"
40003,"1_3_60_1.0,1_2_3000_1.0"
40004,"1_3_100_1.0,1_2_8000_1.0"
40005,"1_3_150_1.0,1_2_10000_1.0"
40006,"1_3_200_1.0,1_2_5000_1.0,3_11002_10_1.0"
40007,"1_3_200_1.0,1_2_4000_1.0"
40008,"1_3_200_1.0,1_2_4000_1.0,3_10005_5_1.0"
40009,"1_3_300_1.0,1_2_5000_1.0"
40010,"1_3_400_1.0,1_2_6000_1.0,3_40052_5_1.0"
40011,"1_3_300_1.0,1_2_5000_1.0"
40012,"1_3_500_1.0,1_2_6000_1.0,3_10018_1_1.0"
40013,"1_3_500_1.0,1_2_6000_1.0"
40014,"1_3_700_1.0,1_2_8000_1.0"
40015,"1_3_700_1.0,1_2_8000_1.0,3_40053_2_1.0"
40016,"1_3_800_1.0,1_2_8000_1.0"
40017,"1_3_1000_1.0,1_2_10000_1.0"
80001,1_3_12_1.0
80002,1_3_25_1.0
80003,"1_3_12_1.0,1_2_5000_1.0"
80004,"1_3_25_1.0,1_1_8_1.0"
80005,"1_3_25_1.0,1_2_5000_1.0,3_11001_5_1.0"
80006,"1_3_25_1.0,1_2_10000_1.0,3_50002_5_1.0"
80007,"1_3_38_1.0,1_1_8_1.0"
80008,"1_3_38_1.0,1_1_8_1.0"
80009,"1_3_50_1.0,1_2_10000_1.0,1_1_8_1.0"
80010,"1_3_50_1.0,1_1_16_1.0"
80011,"1_3_64_1.0,1_1_16_1.0"
80012,"1_3_64_1.0,1_1_16_1.0"
80013,"1_3_50_1.0,1_1_4_1.0,1_2_5000_1.0"
80014,"1_3_50_1.0,1_1_4_1.0,1_2_5000_1.0"
80015,"1_3_74_1.0,1_1_32_1.0,3_50006_1_1.0"
80017,"1_3_19_1.0,1_1_4_1.0"
bigTask201,"1_10_20_1.0,3_50008_1_1.0,1_2_10000_1.0"
bigTaskleader201,3_40005_1_1.0
200001,"1_10_50_1.0,1_2_20000_1.0"
bigTask301,"1_10_40_1.0,3_50008_1_1.0,1_2_15000_1.0"
bigTaskleader301,3_40006_1_1.0
200002,"1_10_75_1.0,1_2_30000_1.0"
bigTask401,"1_10_60_1.0,3_50008_1_1.0,1_2_20000_1.0"
bigTaskleader401,3_40007_1_1.0
200003,"1_10_100_1.0,1_2_40000_1.0"
bigTask501,"1_10_80_1.0,3_50009_1_1.0,1_2_25000_1.0"
bigTaskleader501,3_40014_1_1.0
200007,"1_10_150_1.0,1_2_50000_1.0"
bigTask601,"1_10_100_1.0,3_50009_1_1.0,1_2_30000_1.0"
bigTaskleader601,3_40068_1_1.0
200009,"1_10_200_1.0,1_2_60000_1.0"
bigTask202,"1_10_20_1.0,3_11001_3_1.0,3_10005_1_1.0"
bigTaskleader202,3_40008_1_1.0
200004,"1_10_50_1.0,3_10009_1_1.0"
bigTask302,"1_10_40_1.0,3_11001_4_1.0,3_10005_1_1.0"
bigTaskleader302,3_40009_1_1.0
200005,"1_10_75_1.0,3_10009_1_1.0"
bigTask402,"1_10_60_1.0,3_11002_2_1.0,3_10005_1_1.0"
bigTaskleader402,3_40010_1_1.0
200006,"1_10_100_1.0,3_10010_1_1.0"
bigTask502,"1_10_80_1.0,3_11002_3_1.0,3_10005_2_1.0"
bigTaskleader502,3_40015_1_1.0
200008,"1_10_150_1.0,3_10010_1_1.0"
bigTask602,"1_10_100_1.0,3_11002_4_1.0,3_10005_2_1.0"
bigTaskleader602,3_40069_1_1.0
200010,"1_10_200_1.0,3_10011_1_1.0"
smallTask10001,3_50002_2_1.0
smallTask10002,3_50002_3_1.0
smallTask10003,3_50002_4_1.0
smallTask10004,3_50003_1_1.0
smallTask10005,3_10003_1_1.0
smallTask10006,3_10003_2_1.0
smallTask10007,3_50003_2_1.0
smallTask10008,3_10003_3_1.0
gongxianzhi1,3_50005_1_1.0
gongxianzhi2,"3_10009_1_1.0,1_2_10000_1.0"
gongxianzhi3,"1_1_100_1.0,1_10_100_1.0"
51001,"1_3_60_1.0,1_2_5000_1.0,3_50002_3_1.0"
51002,"1_3_45_1.0,1_2_800_1.0,3_50003_1_1.0,1_1_5_1.0"
51003,"1_3_30_1.0,1_2_500_1.0"
51004,"1_3_30_1.0,1_2_500_1.0"
51005,"1_3_45_1.0,1_2_500_1.0"
51006,"1_3_45_1.0,1_2_500_1.0"
51007,"1_3_30_1.0,1_2_500_1.0,1_1_20_1.0"
51008,"1_3_30_1.0,1_2_1500"
51009,"1_3_75_1.0,1_2_1800,3_10007_5_1.0"
51010,"1_3_45_1.0,1_2_3000"
52001,"1_1_10_1.0,1_2_4000"
52002,"1_1_15_1.0,1_2_5000"
52003,"1_1_20_1.0,1_2_6000"
52004,"1_1_25_1.0,1_2_7000"
52101,"1_13_60_1.0,1_2_15000"
52102,"1_13_90_1.0,1_2_6000"
52103,"1_13_130_1.0,1_2_7000"
52104,"1_13_170_1.0,1_2_8000"
52105,"1_13_250_1.0,1_2_9000"
52201,"1_1_30_1.0,1_2_6000"
52202,"1_1_50_1.0,1_2_7000"
52203,"1_1_100_1.0,1_2_8000"
52204,"1_1_200_1.0,1_2_9000"
52205,"1_1_300_1.0,1_2_10000"
52206,"1_1_600_1.0,1_2_11000"
52301,"1_1_8_1.0,1_2_5000"
52302,"1_1_15_1.0,1_2_6000"
52303,"1_1_20_1.0,1_2_7000"
52304,"1_1_30_1.0,1_2_8000"
52305,"1_1_40_1.0,1_2_9000"
52306,"1_1_50_1.0,1_2_10000"
51101,"1_1_35_1.0,3_50003_2_1.0,3_20012_10_1.0"
51102,"1_1_40_1.0,3_50003_3_1.0"
51103,"1_1_50_1.0,3_50003_4_1.0"
51104,"1_1_60_1.0,3_50004_1_1.0"
51105,"1_1_75_1.0,3_50004_2_1.0"
51106,"1_1_90_1.0,3_50004_3_1.0"
mail_new_001,"3_50005_2_1.0,3_50006_2_1.0"
testchoudan,6_30000_1_1.0
testchoudanbaodi,6_30004_1_1.0
advanture5_base1,"3_50002_3_1.0,3_50003_1_1.0"
advanture5_base2,"3_50002_5_1.0,3_50003_2_1.0"
advanture5_base3,"3_50003_3_1.0,3_50004_1_1.0"
advanture8_base1,"3_50002_6_1.0,3_50003_1_1.0"
advanture8_base2,"3_50002_3_1.0,3_50003_3_1.0"
advanture8_base3,"3_50003_6_1.0,3_50004_1_1.0"
advanture12_base1,"3_50002_4_1.0,3_50003_2_1.0"
advanture12_base2,"3_50002_5_1.0,3_50003_3_1.0"
advanture12_base3,"3_50003_3_1.0,3_50004_2_1.0"
readvanture105_extra1,"3_10016_6_1.0,3_10017_1_1.0,3_40063_2_1.0"
readvanture105_extra2,"3_10016_9_1.0,3_10017_1_1.0,3_40063_2_1.0"
readvanture105_extra3,"3_10016_12_1.0,3_10017_2_1.0,3_40063_2_1.0"
readvanture108_extra1,"3_10016_8_1.0,3_10017_1_1.0,3_40063_3_1.0"
readvanture108_extra2,"3_10016_12_1.0,3_10017_2_1.0,3_40063_3_1.0"
readvanture108_extra3,"3_10016_16_1.0,3_10017_2_1.0,3_40063_3_1.0"
readvanture112_extra1,"3_10016_9_1.0,3_10017_1_1.0,3_40063_4_1.0"
readvanture112_extra2,"3_10016_14_1.0,3_10017_2_1.0,3_40063_4_1.0"
readvanture112_extra3,"3_10016_19_1.0,3_10017_3_1.0,3_40063_4_1.0"
readvanture205_extra1,"3_11001_12_1.0,3_10005_1_1.0,3_40063_2_1.0"
readvanture205_extra2,"3_11002_7_1.0,3_10005_1_1.0,3_40063_2_1.0"
readvanture205_extra3,"3_11003_7_1.0,3_10005_2_1.0,3_40063_2_1.0"
readvanture208_extra1,"3_11001_16_1.0,3_10005_1_1.0,3_40063_3_1.0"
readvanture208_extra2,"3_11002_10_1.0,3_10005_2_1.0,3_40063_3_1.0"
readvanture208_extra3,"3_11003_10_1.0,3_10005_2_1.0,3_40063_3_1.0"
readvanture212_extra1,"3_11001_22_1.0,3_40056_1_1.0,3_40063_4_1.0"
readvanture212_extra2,"3_11002_14_1.0,3_10005_2_1.0,3_40063_4_1.0"
readvanture212_extra3,"3_11003_13_1.0,3_10005_3_1.0,3_40063_4_1.0"
readvanture305_extra1,"3_10007_10_1.0,3_40056_1_1.0,3_40063_2_1.0"
readvanture305_extra2,"3_10007_15_1.0,3_40056_1_1.0,3_40063_2_1.0"
readvanture305_extra3,"3_10007_20_1.0,3_40057_1_1.0,3_40063_2_1.0"
readvanture308_extra1,"3_10007_14_1.0,3_40056_1_1.0,3_40063_3_1.0"
readvanture308_extra2,"3_10007_21_1.0,3_40056_2_1.0,3_40063_3_1.0"
readvanture308_extra3,"3_10007_28_1.0,3_40057_1_1.0,3_40063_3_1.0"
readvanture312_extra1,"3_10007_18_1.0,3_40056_1_1.0,3_40063_4_1.0"
readvanture312_extra2,"3_10007_27_1.0,3_40056_2_1.0,3_40063_4_1.0"
readvanture312_extra3,"3_10007_36_1.0,3_40057_2_1.0,3_40063_4_1.0"
advanture105_extra1,"6_advanture105extra101_1_1.0,6_advanture105extra102_1_1.0"
advanture105_extra2,"6_advanture105extra201_1_1.0,6_advanture105extra202_1_1.0"
advanture105_extra3,"6_advanture105extra301_1_1.0,6_advanture105extra302_1_1.0"
advanture105_extra4,"6_advanture105extra401_1_1.0,6_advanture105extra402_1_1.0"
advanture108_extra1,"6_advanture108extra101_1_1.0,6_advanture108extra102_1_1.0"
advanture108_extra2,"6_advanture108extra201_1_1.0,6_advanture108extra202_1_1.0"
advanture108_extra3,"6_advanture108extra301_1_1.0,6_advanture108extra302_1_1.0"
advanture108_extra4,"6_advanture108extra401_1_1.0,6_advanture108extra402_1_1.0"
advanture112_extra1,"6_advanture112extra101_1_1.0,6_advanture112extra102_1_1.0"
advanture112_extra2,"6_advanture112extra201_1_1.0,6_advanture112extra202_1_1.0"
advanture112_extra3,"6_advanture112extra301_1_1.0,6_advanture112extra302_1_1.0"
advanture112_extra4,"6_advanture112extra401_1_1.0,6_advanture112extra402_1_1.0"
advanture205_extra1,"6_advanture205extra101_1_1.0,6_advanture205extra102_1_1.0"
advanture205_extra2,"6_advanture205extra201_1_1.0,6_advanture205extra202_1_1.0"
advanture205_extra3,"6_advanture205extra301_1_1.0,6_advanture205extra302_1_1.0"
advanture205_extra4,"6_advanture205extra401_1_1.0,6_advanture205extra402_1_1.0"
advanture208_extra1,"6_advanture208extra101_1_1.0,6_advanture208extra102_1_1.0"
advanture208_extra2,"6_advanture208extra201_1_1.0,6_advanture208extra202_1_1.0"
advanture208_extra3,"6_advanture208extra301_1_1.0,6_advanture208extra302_1_1.0"
advanture208_extra4,"6_advanture208extra401_1_1.0,6_advanture208extra402_1_1.0"
advanture212_extra1,"6_advanture212extra101_1_1.0,6_advanture212extra102_1_1.0"
advanture212_extra2,"6_advanture212extra201_1_1.0,6_advanture212extra202_1_1.0"
advanture212_extra3,"6_advanture212extra301_1_1.0,6_advanture212extra302_1_1.0"
advanture212_extra4,"6_advanture212extra401_1_1.0,6_advanture212extra402_1_1.0"
advanture305_extra1,"6_advanture305extra101_1_1.0,6_maoxian1_1_0.6"
advanture305_extra2,"6_advanture305extra201_1_1.0,6_maoxian2_1_0.6"
advanture305_extra3,"6_advanture305extra301_1_1.0,6_maoxian3_1_0.6"
advanture305_extra4,"6_advanture305extra401_1_1.0,6_maoxian4_1_0.6"
advanture308_extra1,"6_advanture305extra101_1_1.0,6_maoxian1_1_0.8"
advanture308_extra2,"6_advanture305extra201_1_1.0,6_maoxian2_1_0.8"
advanture308_extra3,"6_advanture305extra301_1_1.0,6_maoxian3_1_0.8"
advanture308_extra4,"6_advanture305extra401_1_1.0,6_maoxian4_1_0.8"
advanture312_extra1,"6_advanture305extra101_1_1.0,6_maoxian1_1_1.0"
advanture312_extra2,"6_advanture305extra201_1_1.0,6_maoxian2_1_1.0"
advanture312_extra3,"6_advanture305extra301_1_1.0,6_maoxian3_1_1.0"
advanture312_extra4,"6_advanture305extra401_1_1.0,6_maoxian4_1_1.0"
pvp_rankrewardshiji1_1,"1_1_1000_1.0,1_2_200000_1.0,3_40057_6_1.0"
pvp_rankrewardshiji1_2,"1_1_1000_1.0,1_2_500000_1.0,3_40058_8_1.0"
pvp_rankrewardshiji1_3,"1_1_1000_1.0,1_2_1000000_1.0,3_40059_3_1.0"
pvp_rankrewardshiji2_1,"1_1_800_1.0,1_2_150000_1.0,3_40057_5_1.0"
pvp_rankrewardshiji2_2,"1_1_800_1.0,1_2_400000_1.0,3_40058_6_1.0"
pvp_rankrewardshiji2_3,"1_1_800_1.0,1_2_800000_1.0,3_40059_2_1.0"
pvp_rankrewardshiji3_1,"1_1_600_1.0,1_2_100000_1.0,3_40057_4_1.0"
pvp_rankrewardshiji3_2,"1_1_600_1.0,1_2_300000_1.0,3_40058_4_1.0"
pvp_rankrewardshiji3_3,"1_1_600_1.0,1_2_600000_1.0,3_40059_1_1.0"
pvp_rankrewardshiji4_1,"1_1_450_1.0,1_2_50000_1.0,3_40057_3_1.0"
pvp_rankrewardshiji4_2,"1_1_450_1.0,1_2_200000_1.0,3_40058_3_1.0"
pvp_rankrewardshiji4_3,"1_1_450_1.0,1_2_400000_1.0,3_40058_5_1.0"
pvp_rankrewardshiji5_1,"1_1_300_1.0,1_2_40000_1.0,3_40057_2_1.0"
pvp_rankrewardshiji5_2,"1_1_300_1.0,1_2_150000_1.0,3_40058_2_1.0"
pvp_rankrewardshiji5_3,"1_1_300_1.0,1_2_300000_1.0,3_40058_4_1.0"
pvp_rankrewardshiji6_1,"1_1_150_1.0,1_2_30000_1.0,3_40057_1_1.0"
pvp_rankrewardshiji6_2,"1_1_150_1.0,1_2_100000_1.0,3_40058_1_1.0"
pvp_rankrewardshiji6_3,"1_1_150_1.0,1_2_200000_1.0,3_40058_3_1.0"
300001,1_2_12500_1.0
pvp_rankrewardxianshi1,"1_1_1000_1.0,3_40013_1_1.0,3_40062_1_1.0"
pvp_rankrewardxianshi2,"1_1_800_1.0,3_40013_1_1.0,3_40062_1_1.0"
pvp_rankrewardxianshi3,"1_1_600_1.0,3_40013_1_1.0,3_40062_1_1.0"
pvp_rankrewardxianshi4,"1_1_450_1.0,3_40012_1_1.0,3_40061_1_1.0"
pvp_rankrewardxianshi5,"1_1_300_1.0,3_40012_1_1.0,3_40061_1_1.0"
pvp_rankrewardxianshi6,"1_1_150_1.0,3_40011_1_1.0,3_40060_1_1.0"
pvp_gradereward1,"1_13_1500_1.0,1_1_600_1.0,3_40052_3_1.0"
pvp_gradereward2,"1_13_1300_1.0,1_1_550_1.0,3_40052_2_1.0"
pvp_gradereward3,"1_13_1100_1.0,1_1_500_1.0,3_40052_1_1.0"
pvp_gradereward4,"1_13_900_1.0,1_1_450_1.0,1_2_110000_1.0"
pvp_gradereward5,"1_13_750_1.0,1_1_400_1.0,1_2_90000_1.0"
pvp_gradereward6,"1_13_600_1.0,1_1_350_1.0,1_2_70000_1.0"
pvp_gradereward7,"1_13_450_1.0,1_1_300_1.0,1_2_50000_1.0"
pvp_gradereward8,"1_13_350_1.0,1_1_250_1.0,1_2_40000_1.0"
pvp_gradereward9,"1_13_250_1.0,1_1_200_1.0,1_2_30000_1.0"
pvp_gradereward10,"1_13_150_1.0,1_1_150_1.0,1_2_20000_1.0"
pvp_gradereward11,"1_13_100_1.0,1_1_100_1.0,1_2_15000_1.0"
pvp_gradereward12,"1_13_50_1.0,1_1_50_1.0,1_2_10000_1.0"
zuanshi1st,6_zuanshi1st_1_1.0
jinbi,6_jinbi_1_1.0
2000zuanshi0,6_2000zuanshi0_1_1.0
2000zuanshi1,6_2000zuanshi1_1_1.0
2000zuanshi2,6_2000zuanshi2_1_1.0
2000zuanshi3,6_2000zuanshi3_1_1.0
2000zuanshi4,6_2000zuanshi4_1_1.0
2000zuanshi5,6_2000zuanshi5_1_1.0
2000zuanshibaodi0,6_2000zuanshibaodi0_1_1.0
2000zuanshibaodi1,6_2000zuanshibaodi1_1_1.0
2000zuanshibaodi2,6_2000zuanshibaodi2_1_1.0
2000zuanshibaodi3,6_2000zuanshibaodi3_1_1.0
2000zuanshibaodi4,6_2000zuanshibaodi4_1_1.0
2000zuanshibaodi5,6_2000zuanshibaodi5_1_1.0
2000zuanshiblack0,6_2000zuanshiblack0_1_1.0
2000zuanshiblack1,6_2000zuanshiblack1_1_1.0
2000zuanshiblack2,6_2000zuanshiblack2_1_1.0
2000zuanshiblack3,6_2000zuanshiblack3_1_1.0
2000zuanshiblack4,6_2000zuanshiblack4_1_1.0
2000zuanshiblack5,6_2000zuanshiblack5_1_1.0
baoxiang0,"6_baoxiang01_1_1.0,6_baoxiang02_1_1.0"
baoxiang1,"6_baoxiang11_1_1.0,6_baoxiang12_1_1.0"
baoxiang2,"6_baoxiang21_1_1.0,6_baoxiang22_1_1.0"
baoxiang3,6_baoxiang3_1_1.0
shilian101,"1_2_11_0.18,1_2_25_0.08,1_2_36_0.03,2_5_10_1.0"
shilian102,"1_2_11_0.18,1_2_25_0.08,1_2_36_0.03,2_5_10_1.0"
shilian103,6_shilianX1boss_1_1.0
shilian201,"1_2_16_0.18,1_2_35_0.08,1_2_49_0.03,2_5_15_1.0"
shilian202,"1_2_16_0.18,1_2_35_0.08,1_2_49_0.03,2_5_15_1.0"
shilian203,6_shilianX2boss_1_1.0
shilian301,"1_2_22_0.18,1_2_44_0.08,1_2_66_0.03,2_5_20_1.0"
shilian302,"1_2_22_0.18,1_2_44_0.08,1_2_66_0.03,2_5_20_1.0"
shilian303,6_shilianX3boss_3_1.0
shilian401,"1_2_25_0.18,1_2_50_0.08,1_2_75_0.03,2_5_25_1.0"
shilian402,"1_2_25_0.18,1_2_50_0.08,1_2_75_0.03,2_5_25_1.0"
shilian403,6_shilianX4boss_1_1.0
shilian501,"1_2_30_0.18,1_2_60_0.08,1_2_90_0.03,2_5_30_1.0"
shilian502,"1_2_30_0.18,1_2_60_0.08,1_2_90_0.03,2_5_30_1.0"
shilian503,6_shilianX5boss_1_1.0
shilian601,"1_2_40_0.18,1_2_75_0.08,1_2_110_0.03,2_5_35_1.0"
shilian602,"1_2_40_0.18,1_2_75_0.08,1_2_110_0.03,2_5_35_1.0"
shilian603,6_shilianX6boss_1_1.0
shilian111,"1_2_11_0.18,1_2_25_0.08,1_2_36_0.03,2_5_10_1.0"
shilian112,"1_2_11_0.18,1_2_25_0.08,1_2_36_0.03,2_5_10_1.0"
shilian113,6_shilianJ1boss_1_1.0
shilian211,"1_2_16_0.18,1_2_35_0.08,1_2_49_0.03,2_5_15_1.0"
shilian212,"1_2_16_0.18,1_2_35_0.08,1_2_49_0.03,2_5_15_1.0"
shilian213,6_shilianJ2boss_1_1.0
shilian311,"1_2_22_0.18,1_2_44_0.08,1_2_66_0.03,2_5_20_1.0"
shilian312,"1_2_22_0.18,1_2_44_0.08,1_2_66_0.03,2_5_20_1.0"
shilian313,6_shilianJ3boss_1_1.0
shilian411,"1_2_25_0.18,1_2_50_0.08,1_2_75_0.03,2_5_25_1.0"
shilian412,"1_2_25_0.18,1_2_50_0.08,1_2_75_0.03,2_5_25_1.0"
shilian413,6_shilianJ4boss_1_1.0
shilian511,"1_2_30_0.18,1_2_60_0.08,1_2_90_0.03,2_5_30_1.0"
shilian512,"1_2_30_0.18,1_2_60_0.08,1_2_90_0.03,2_5_30_1.0"
shilian513,6_shilianJ5boss_1_1.0
shilian611,"1_2_40_0.18,1_2_75_0.08,1_2_110_0.03,2_5_35_1.0"
shilian612,"1_2_40_0.18,1_2_75_0.08,1_2_110_0.03,2_5_35_1.0"
shilian613,6_shilianJ6boss_1_1.0
shilianjinbi1,"1_2_40000_1.0,1_3_24_1.0"
shilianjinbi2,"1_2_55000_1.0,1_3_24_1.0"
shilianjinbi3,"1_2_70000_1.0,1_3_24_1.0"
shilianjinbi4,"1_2_100000_1.0,1_3_24_1.0"
shilianjinbi5,"1_2_165000_1.0,1_3_24_1.0"
shilianjinbi6,"1_2_235000_1.0,1_3_24_1.0"
shilianjingyan1,"3_50002_7_1.0,3_50003_6_1.0,1_3_24_1.0"
shilianjingyan2,"3_50002_10_1.0,3_50003_7_1.0,1_3_24_1.0"
shilianjingyan3,"3_50002_20_1.0,3_50003_15_1.0,1_3_24_1.0"
shilianjingyan4,"3_50002_10_1.0,3_50003_5_1.0,3_50004_5_1.0,1_3_24_1.0"
shilianjingyan5,"3_50002_3_1.0,3_50003_1_1.0,3_50004_12_1.0,1_3_24_1.0"
shilianjingyan6,"3_50003_5_1.0,3_50004_15_1.0,1_3_24_1.0"
tower1001,"1_11_10_1.0,1_3_24_1.0,2_5_300_1.0"
tower1002,"1_11_10_1.0,1_3_24_1.0,2_5_300_1.0"
tower1003,"1_11_10_1.0,1_3_24_1.0,2_5_300_1.0"
tower1004,"1_11_10_1.0,1_3_24_1.0,2_5_300_1.0"
tower1005,"3_50006_1_1.0,1_11_10_1.0,1_3_24_1.0,2_5_300_1.0"
tower1006,"1_11_15_1.0,1_3_24_1.0,2_5_300_1.0"
tower1007,"1_11_15_1.0,1_3_24_1.0,2_5_300_1.0"
tower1008,"1_11_15_1.0,1_3_24_1.0,2_5_300_1.0"
tower1009,"1_11_15_1.0,1_3_24_1.0,2_5_300_1.0"
tower1010,"1_1_50_1.0,1_11_15_1.0,1_3_24_1.0,2_5_300_1.0"
tower1011,"1_11_20_1.0,1_3_24_1.0,2_5_400_1.0"
tower1012,"1_11_20_1.0,1_3_24_1.0,2_5_400_1.0"
tower1013,"1_11_20_1.0,1_3_24_1.0,2_5_400_1.0"
tower1014,"1_11_20_1.0,1_3_24_1.0,2_5_400_1.0"
tower1015,"3_40052_1_1.0,1_11_20_1.0,1_3_24_1.0,2_5_400_1.0"
tower1016,"1_11_25_1.0,1_3_24_1.0,2_5_400_1.0"
tower1017,"1_11_25_1.0,1_3_24_1.0,2_5_400_1.0"
tower1018,"1_11_25_1.0,1_3_24_1.0,2_5_400_1.0"
tower1019,"1_11_25_1.0,1_3_24_1.0,2_5_400_1.0"
tower1020,"3_10018_1_1.0,1_11_25_1.0,1_3_24_1.0,2_5_400_1.0"
tower2001,"1_11_15_1.0,1_3_24_1.0,2_5_400_1.0"
tower2002,"1_11_15_1.0,1_3_24_1.0,2_5_400_1.0"
tower2003,"1_11_15_1.0,1_3_24_1.0,2_5_400_1.0"
tower2004,"1_11_15_1.0,1_3_24_1.0,2_5_400_1.0"
tower2005,"3_10003_20_1.0,1_11_15_1.0,1_3_24_1.0,2_5_400_1.0"
tower2006,"1_11_20_1.0,1_3_24_1.0,2_5_400_1.0"
tower2007,"1_11_20_1.0,1_3_24_1.0,2_5_400_1.0"
tower2008,"1_11_20_1.0,1_3_24_1.0,2_5_400_1.0"
tower2009,"1_11_20_1.0,1_3_24_1.0,2_5_400_1.0"
tower2010,"1_11_50_1.0,1_11_20_1.0,1_3_24_1.0,2_5_400_1.0"
tower2011,"1_11_25_1.0,1_3_24_1.0,2_5_480_1.0"
tower2012,"1_11_25_1.0,1_3_24_1.0,2_5_480_1.0"
tower2013,"1_11_25_1.0,1_3_24_1.0,2_5_480_1.0"
tower2014,"1_11_25_1.0,1_3_24_1.0,2_5_480_1.0"
tower2015,"3_10018_1_1.0,1_11_25_1.0,1_3_24_1.0,2_5_480_1.0"
tower2016,"1_11_30_1.0,1_3_24_1.0,2_5_480_1.0"
tower2017,"1_11_30_1.0,1_3_24_1.0,2_5_480_1.0"
tower2018,"1_11_30_1.0,1_3_24_1.0,2_5_480_1.0"
tower2019,"1_11_30_1.0,1_3_24_1.0,2_5_480_1.0"
tower2020,"1_1_500_1.0,1_11_30_1.0,1_3_24_1.0,2_5_480_1.0"
tower2021,"1_11_35_1.0,1_3_24_1.0,2_5_560_1.0"
tower2022,"1_11_35_1.0,1_3_24_1.0,2_5_560_1.0"
tower2023,"1_11_35_1.0,1_3_24_1.0,2_5_560_1.0"
tower2024,"1_11_35_1.0,1_3_24_1.0,2_5_560_1.0"
tower2025,"3_10018_2_1.0,1_11_35_1.0,1_3_24_1.0,2_5_560_1.0"
tower2026,"1_11_40_1.0,1_3_24_1.0,2_5_560_1.0"
tower2027,"1_11_40_1.0,1_3_24_1.0,2_5_560_1.0"
tower2028,"1_11_40_1.0,1_3_24_1.0,2_5_560_1.0"
tower2029,"1_11_40_1.0,1_3_24_1.0,2_5_560_1.0"
tower2030,"3_10019_1_1.0,1_11_40_1.0,1_3_24_1.0,2_5_560_1.0"
tower3001,"1_2_3910_1.0,1_11_25_1.0"
tower3002,"1_2_4040_1.0,1_11_27_1.0"
tower3003,"1_2_4170_1.0,1_11_29_1.0"
tower3004,"1_2_4300_1.0,1_11_31_1.0"
tower3005,"1_2_4430_1.0,1_11_38_1.0,3_10016_20_1.0"
tower3006,"1_2_4560_1.0,1_11_30_1.0"
tower3007,"1_2_4690_1.0,1_11_32_1.0"
tower3008,"1_2_4820_1.0,1_11_34_1.0"
tower3009,"1_2_4950_1.0,1_11_36_1.0"
tower3010,"1_2_5080_1.0,1_11_43_1.0,6_baoshisuiji2_1_1.0"
tower3011,"1_2_5210_1.0,1_11_35_1.0"
tower3012,"1_2_5340_1.0,1_11_37_1.0"
tower3013,"1_2_5470_1.0,1_11_39_1.0"
tower3014,"1_2_5600_1.0,1_11_41_1.0"
tower3015,"1_2_5730_1.0,1_11_48_1.0,3_10018_1_1.0"
tower3016,"1_2_5860_1.0,1_11_40_1.0"
tower3017,"1_2_5990_1.0,1_11_42_1.0"
tower3018,"1_2_6120_1.0,1_11_44_1.0"
tower3019,"1_2_6250_1.0,1_11_46_1.0"
tower3020,"1_2_6380_1.0,1_11_53_1.0,3_10018_3_1.0"
tower3021,"1_2_6510_1.0,1_11_45_1.0"
tower3022,"1_2_6640_1.0,1_11_47_1.0"
tower3023,"1_2_6770_1.0,1_11_49_1.0"
tower3024,"1_2_6900_1.0,1_11_51_1.0"
tower3025,"1_2_7030_1.0,1_11_58_1.0,3_10019_1_1.0"
tower3026,"1_2_7160_1.0,1_11_50_1.0"
tower3027,"1_2_7290_1.0,1_11_52_1.0"
tower3028,"1_2_7420_1.0,1_11_54_1.0"
tower3029,"1_2_7550_1.0,1_11_56_1.0"
tower3030,"1_2_7680_1.0,1_11_63_1.0,3_10017_100_1.0"
tower3031,"1_2_7810_1.0,1_11_55_1.0"
tower3032,"1_2_7940_1.0,1_11_57_1.0"
tower3033,"1_2_8070_1.0,1_11_59_1.0"
tower3034,"1_2_8200_1.0,1_11_61_1.0"
tower3035,"1_2_8330_1.0,1_11_68_1.0,6_baoshisuiji3_1_1.0"
tower3036,"1_2_8460_1.0,1_11_60_1.0"
tower3037,"1_2_8590_1.0,1_11_62_1.0"
tower3038,"1_2_8720_1.0,1_11_64_1.0"
tower3039,"1_2_8850_1.0,1_11_66_1.0"
tower3040,"1_2_8980_1.0,1_11_73_1.0,3_10020_1_1.0"
t1001,"1_11_10_1.0,1_3_1_1.0"
t1002,"1_11_10_1.0,1_3_1_1.0"
t1003,"1_11_10_1.0,1_3_1_1.0"
t1004,"1_11_10_1.0,1_3_1_1.0"
t1005,"3_50006_1_1.0,1_11_10_1.0,1_3_1_1.0"
t1006,"1_11_15_1.0,1_3_1_1.0"
t1007,"1_11_15_1.0,1_3_1_1.0"
t1008,"1_11_15_1.0,1_3_1_1.0"
t1009,"1_11_15_1.0,1_3_1_1.0"
t1010,"1_1_50_1.0,1_11_15_1.0,1_3_1_1.0"
t1011,"1_11_20_1.0,1_3_1_1.0"
t1012,"1_11_20_1.0,1_3_1_1.0"
t1013,"1_11_20_1.0,1_3_1_1.0"
t1014,"1_11_20_1.0,1_3_1_1.0"
t1015,"3_40052_1_1.0,1_11_20_1.0,1_3_1_1.0"
t1016,"1_11_25_1.0,1_3_1_1.0"
t1017,"1_11_25_1.0,1_3_1_1.0"
t1018,"1_11_25_1.0,1_3_1_1.0"
t1019,"1_11_25_1.0,1_3_1_1.0"
t1020,"3_10018_1_1.0,1_11_25_1.0,1_3_1_1.0"
t2001,"1_11_15_1.0,1_3_1_1.0"
t2002,"1_11_15_1.0,1_3_1_1.0"
t2003,"1_11_15_1.0,1_3_1_1.0"
t2004,"1_11_15_1.0,1_3_1_1.0"
t2005,"3_10003_20_1.0,1_11_15_1.0,1_3_1_1.0"
t2006,"1_11_20_1.0,1_3_1_1.0"
t2007,"1_11_20_1.0,1_3_1_1.0"
t2008,"1_11_20_1.0,1_3_1_1.0"
t2009,"1_11_20_1.0,1_3_1_1.0"
t2010,"1_11_50_1.0,1_11_20_1.0,1_3_1_1.0"
t2011,"1_11_25_1.0,1_3_1_1.0"
t2012,"1_11_25_1.0,1_3_1_1.0"
t2013,"1_11_25_1.0,1_3_1_1.0"
t2014,"1_11_25_1.0,1_3_1_1.0"
t2015,"3_10018_1_1.0,1_11_25_1.0,1_3_1_1.0"
t2016,"1_11_30_1.0,1_3_1_1.0"
t2017,"1_11_30_1.0,1_3_1_1.0"
t2018,"1_11_30_1.0,1_3_1_1.0"
t2019,"1_11_30_1.0,1_3_1_1.0"
t2020,"1_1_500_1.0,1_11_30_1.0,1_3_1_1.0"
t2021,"1_11_35_1.0,1_3_1_1.0"
t2022,"1_11_35_1.0,1_3_1_1.0"
t2023,"1_11_35_1.0,1_3_1_1.0"
t2024,"1_11_35_1.0,1_3_1_1.0"
t2025,"3_10018_2_1.0,1_11_35_1.0,1_3_1_1.0"
t2026,"1_11_40_1.0,1_3_1_1.0"
t2027,"1_11_40_1.0,1_3_1_1.0"
t2028,"1_11_40_1.0,1_3_1_1.0"
t2029,"1_11_40_1.0,1_3_1_1.0"
t2030,"3_10019_1_1.0,1_11_40_1.0,1_3_1_1.0"
jb101,1_2_1_1.0
jb102,1_2_1_1.0
jb103,1_2_1_1.0
jb104,1_2_1_1.0
jb105,1_2_1_1.0
jb106,1_2_1_1.0
jy101,"3_50003_1_1.0,3_50002_1_1.0"
jy102,"3_50003_1_1.0,3_50002_1_1.0"
jy103,"3_50003_1_1.0,3_50002_1_1.0"
jy104,"3_50004_1_1.0,3_50003_1_1.0"
jy105,"3_50004_1_1.0,3_50003_1_1.0"
jy106,"3_50004_1_1.0,3_50003_1_1.0"
gonghui,"3_50003_1_1.0,1_2_1_1.0"
tili1,1_7_30_1.0
tili2,1_7_30_1.0
tili3,1_7_30_1.0
jinbishilianrukou,1_2_1_1.0
jingyanshilianrukou,"3_50002_1_1.0,3_50003_1_1.0,3_50004_1_1.0"
signin_101,1_2_10000_1.0
signin_102,3_20001_5_1.0
signin_103,3_50002_10_1.0
signin_104,3_10003_5_1.0
signin_105,1_1_50_1.0
signin_106,3_50005_1_1.0
signin_107,1_2_15000_1.0
signin_108,3_20001_10_1.0
signin_109,3_50002_15_1.0
signin_110,3_10003_10_1.0
signin_111,1_1_100_1.0
signin_112,3_50006_1_1.0
signin_113,1_2_20000_1.0
signin_114,3_20001_15_1.0
signin_115,3_50003_5_1.0
signin_116,3_10003_15_1.0
signin_117,1_1_150_1.0
signin_118,3_40052_1_1
signin_119,1_2_30000_1.0
signin_120,3_40066_1_1.0
signin_121,3_50003_10_1.0
signin_122,3_10003_20_1.0
signin_123,1_1_200_1.0
signin_124,3_10018_1_1.0
signin_125,1_2_40000_1.0
signin_126,3_40067_1_1.0
signin_127,3_50004_5_1.0
signin_128,3_10003_25_1.0
signin_129,1_1_250_1.0
signin_130,3_10019_1_1.0
signin_201,1_2_10000_1.0
signin_202,3_20019_10_1.0
signin_203,3_50002_10_1.0
signin_204,3_10003_5_1.0
signin_205,1_1_50_1.0
signin_206,3_50005_1_1.0
signin_207,1_2_15000_1.0
signin_208,3_20019_15_1.0
signin_209,3_50002_15_1.0
signin_210,3_10003_10_1.0
signin_211,1_1_100_1.0
signin_212,3_50006_1_1.0
signin_213,1_2_20000_1.0
signin_214,3_20019_20_1.0
signin_215,3_50003_5_1.0
signin_216,3_10003_15_1.0
signin_217,1_1_150_1.0
signin_218,3_40052_1_1
signin_219,1_2_30000_1.0
signin_220,3_20019_25_1.0
signin_221,3_50003_10_1.0
signin_222,3_10003_20_1.0
signin_223,1_1_200_1.0
signin_224,3_10018_1_1.0
signin_225,1_2_40000_1.0
signin_226,3_20019_30_1.0
signin_227,3_50004_5_1.0
signin_228,3_10003_25_1.0
signin_301,1_2_10000_1.0
signin_302,3_20017_6_1.0
signin_303,3_50002_10_1.0
signin_304,3_10003_5_1.0
signin_305,1_1_50_1.0
signin_306,3_50005_1_1.0
signin_307,1_2_15000_1.0
signin_308,3_20017_9_1.0
signin_309,3_50002_15_1.0
signin_310,3_10003_10_1.0
signin_311,1_1_100_1.0
signin_312,3_50006_1_1.0
signin_313,1_2_20000_1.0
signin_314,3_20017_12_1.0
signin_315,3_50003_5_1.0
signin_316,3_10003_15_1.0
signin_317,1_1_150_1.0
signin_318,3_40052_1_1
signin_319,1_2_30000_1.0
signin_320,3_20017_15_1.0
signin_321,3_50003_10_1.0
signin_322,3_10003_20_1.0
signin_323,1_1_200_1.0
signin_324,3_10018_1_1.0
signin_325,1_2_40000_1.0
signin_326,3_20017_18_1.0
signin_327,3_50004_5_1.0
signin_328,3_10003_25_1.0
signin_329,1_1_250_1.0
signin_330,3_10019_1_1.0
signin_401,1_2_10000_1.0
signin_402,3_20003_10_1.0
signin_403,3_50002_10_1.0
signin_404,3_10003_5_1.0
signin_405,1_1_50_1.0
signin_406,3_50005_1_1.0
signin_407,1_2_15000_1.0
signin_408,3_20003_15_1.0
signin_409,3_50002_15_1.0
signin_410,3_10003_10_1.0
signin_411,1_1_100_1.0
signin_412,3_50006_1_1.0
signin_413,1_2_20000_1.0
signin_414,3_20003_20_1.0
signin_415,3_50003_5_1.0
signin_416,3_10003_15_1.0
signin_417,1_1_150_1.0
signin_418,3_40052_1_1
signin_419,1_2_30000_1.0
signin_420,3_20003_25_1.0
signin_421,3_50003_10_1.0
signin_422,3_10003_20_1.0
signin_423,1_1_200_1.0
signin_424,3_10018_1_1.0
signin_425,1_2_40000_1.0
signin_426,3_20003_30_1.0
signin_427,3_50004_5_1.0
signin_428,3_10003_25_1.0
signin_429,1_1_250_1.0
signin_430,3_10019_1_1.0
signin_501,1_2_10000_1.0
signin_502,3_20008_6_1.0
signin_503,3_50002_10_1.0
signin_504,3_10003_5_1.0
signin_505,1_1_50_1.0
signin_506,3_50005_1_1.0
signin_507,1_2_15000_1.0
signin_508,3_20008_9_1.0
signin_509,3_50002_15_1.0
signin_510,3_10003_10_1.0
signin_511,1_1_100_1.0
signin_512,3_50006_1_1.0
signin_513,1_2_20000_1.0
signin_514,3_20008_12_1.0
signin_515,3_50003_5_1.0
signin_516,3_10003_15_1.0
signin_517,1_1_150_1.0
signin_518,3_40052_1_1
signin_519,1_2_30000_1.0
signin_520,3_20008_15_1.0
signin_521,3_50003_10_1.0
signin_522,3_10003_20_1.0
signin_523,1_1_200_1.0
signin_524,3_10018_1_1.0
signin_525,1_2_40000_1.0
signin_526,3_20008_18_1.0
signin_527,3_50004_5_1.0
signin_528,3_10003_25_1.0
signin_529,1_1_250_1.0
signin_530,3_10019_1_1.0
signin_601,1_2_10000_1.0
signin_602,3_20003_10_1.0
signin_603,3_50002_10_1.0
signin_604,3_10003_5_1.0
signin_605,1_1_50_1.0
signin_606,3_50005_1_1.0
signin_607,1_2_15000_1.0
signin_608,3_20003_15_1.0
signin_609,3_50002_15_1.0
signin_610,3_10003_10_1.0
signin_611,1_1_100_1.0
signin_612,3_50006_1_1.0
signin_613,1_2_20000_1.0
signin_614,3_20003_20_1.0
signin_615,3_50003_5_1.0
signin_616,3_10003_15_1.0
signin_617,1_1_150_1.0
signin_618,3_40052_1_1
signin_619,1_2_30000_1.0
signin_620,3_20003_25_1.0
signin_621,3_50003_10_1.0
signin_622,3_10003_20_1.0
signin_623,1_1_200_1.0
signin_624,3_10018_1_1.0
signin_625,1_2_40000_1.0
signin_626,3_20003_30_1.0
signin_627,3_50004_5_1.0
signin_628,3_10003_25_1.0
signin_629,1_1_250_1.0
signin_630,3_10019_1_1.0
signin_701,1_2_10000_1.0
signin_702,3_20008_6_1.0
signin_703,3_50002_10_1.0
signin_704,3_10003_5_1.0
signin_705,1_1_50_1.0
signin_706,3_50005_1_1.0
signin_707,1_2_15000_1.0
signin_708,3_20008_9_1.0
signin_709,3_50002_15_1.0
signin_710,3_10003_10_1.0
signin_711,1_1_100_1.0
signin_712,3_50006_1_1.0
signin_713,1_2_20000_1.0
signin_714,3_20008_12_1.0
signin_715,3_50003_5_1.0
signin_716,3_10003_15_1.0
signin_717,1_1_150_1.0
signin_718,3_40052_1_1
signin_719,1_2_30000_1.0
signin_720,3_20008_15_1.0
signin_721,3_50003_10_1.0
signin_722,3_10003_20_1.0
signin_723,1_1_200_1.0
signin_724,3_10018_1_1.0
signin_725,1_2_40000_1.0
signin_726,3_20008_18_1.0
signin_727,3_50004_5_1.0
signin_728,3_10003_25_1.0
signin_729,1_1_250_1.0
signin_730,3_10019_1_1.0
signin_801,1_2_10000_1.0
signin_802,3_20021_6_1.0
signin_803,3_50002_10_1.0
signin_804,3_10003_5_1.0
signin_805,1_1_50_1.0
signin_806,3_50005_1_1.0
signin_807,1_2_15000_1.0
signin_808,3_20021_9_1.0
signin_809,3_50002_15_1.0
signin_810,3_10003_10_1.0
signin_811,1_1_100_1.0
signin_812,3_50006_1_1.0
signin_813,1_2_20000_1.0
signin_814,3_20021_12_1.0
signin_815,3_50003_5_1.0
signin_816,3_10003_15_1.0
signin_817,1_1_150_1.0
signin_818,3_40052_1_1
signin_819,1_2_30000_1.0
signin_820,3_20021_15_1.0
signin_821,3_50003_10_1.0
signin_822,3_10003_20_1.0
signin_823,1_1_200_1.0
signin_824,3_10018_1_1.0
signin_825,1_2_40000_1.0
signin_826,3_20021_18_1.0
signin_827,3_50004_5_1.0
signin_828,3_10003_25_1.0
signin_829,1_1_250_1.0
signin_830,3_10019_1_1.0
signin_901,1_2_10000_1.0
signin_902,3_20019_10_1.0
signin_903,3_50002_10_1.0
signin_904,3_10003_5_1.0
signin_905,1_1_50_1.0
signin_906,3_50005_1_1.0
signin_907,1_2_15000_1.0
signin_908,3_20019_15_1.0
signin_909,3_50002_15_1.0
signin_910,3_10003_10_1.0
signin_911,1_1_100_1.0
signin_912,3_50006_1_1.0
signin_913,1_2_20000_1.0
signin_914,3_20019_20_1.0
signin_915,3_50003_5_1.0
signin_916,3_10003_15_1.0
signin_917,1_1_150_1.0
signin_918,3_40052_1_1
signin_919,1_2_30000_1.0
signin_920,3_20019_25_1.0
signin_921,3_50003_10_1.0
signin_922,3_10003_20_1.0
signin_923,1_1_200_1.0
signin_924,3_10018_1_1.0
signin_925,1_2_40000_1.0
signin_926,3_20019_30_1.0
signin_927,3_50004_5_1.0
signin_928,3_10003_25_1.0
signin_929,1_1_250_1.0
signin_930,3_10019_1_1.0
signin_1001,1_2_10000_1.0
signin_1002,3_20017_6_1.0
signin_1003,3_50002_10_1.0
signin_1004,3_10003_5_1.0
signin_1005,1_1_50_1.0
signin_1006,3_50005_1_1.0
signin_1007,1_2_15000_1.0
signin_1008,3_20017_9_1.0
signin_1009,3_50002_15_1.0
signin_1010,3_10003_10_1.0
signin_1011,1_1_100_1.0
signin_1012,3_50006_1_1.0
signin_1013,1_2_20000_1.0
signin_1014,3_20017_12_1.0
signin_1015,3_50003_5_1.0
signin_1016,3_10003_15_1.0
signin_1017,1_1_150_1.0
signin_1018,3_40052_1_1
signin_1019,1_2_30000_1.0
signin_1020,3_20017_15_1.0
signin_1021,3_50003_10_1.0
signin_1022,3_10003_20_1.0
signin_1023,1_1_200_1.0
signin_1024,3_10018_1_1.0
signin_1025,1_2_40000_1.0
signin_1026,3_20017_18_1.0
signin_1027,3_50004_5_1.0
signin_1028,3_10003_25_1.0
signin_1029,1_1_250_1.0
signin_1030,3_10019_1_1.0
signin_1101,1_2_10000_1.0
signin_1102,3_20003_10_1.0
signin_1103,3_50002_10_1.0
signin_1104,3_10003_5_1.0
signin_1105,1_1_50_1.0
signin_1106,3_50005_1_1.0
signin_1107,1_2_15000_1.0
signin_1108,3_20003_15_1.0
signin_1109,3_50002_15_1.0
signin_1110,3_10003_10_1.0
signin_1111,1_1_100_1.0
signin_1112,3_50006_1_1.0
signin_1113,1_2_20000_1.0
signin_1114,3_20003_20_1.0
signin_1115,3_50003_5_1.0
signin_1116,3_10003_15_1.0
signin_1117,1_1_150_1.0
signin_1118,3_40052_1_1
signin_1119,1_2_30000_1.0
signin_1120,3_20003_25_1.0
signin_1121,3_50003_10_1.0
signin_1122,3_10003_20_1.0
signin_1123,1_1_200_1.0
signin_1124,3_10018_1_1.0
signin_1125,1_2_40000_1.0
signin_1126,3_20003_30_1.0
signin_1127,3_50004_5_1.0
signin_1128,3_10003_25_1.0
signin_1129,1_1_250_1.0
signin_1130,3_10019_1_1.0
signin_1201,1_2_10000_1.0
signin_1202,3_20008_6_1.0
signin_1203,3_50002_10_1.0
signin_1204,3_10003_5_1.0
signin_1205,1_1_50_1.0
signin_1206,3_50005_1_1.0
signin_1207,1_2_15000_1.0
signin_1208,3_20008_9_1.0
signin_1209,3_50002_15_1.0
signin_1210,3_10003_10_1.0
signin_1211,1_1_100_1.0
signin_1212,3_50006_1_1.0
signin_1213,1_2_20000_1.0
signin_1214,3_20008_12_1.0
signin_1215,3_50003_5_1.0
signin_1216,3_10003_15_1.0
signin_1217,1_1_150_1.0
signin_1218,3_40052_1_1
signin_1219,1_2_30000_1.0
signin_1220,3_20008_15_1.0
signin_1221,3_50003_10_1.0
signin_1222,3_10003_20_1.0
signin_1223,1_1_200_1.0
signin_1224,3_10018_1_1.0
signin_1225,1_2_40000_1.0
signin_1226,3_20008_18_1.0
signin_1227,3_50004_5_1.0
signin_1228,3_10003_25_1.0
signin_1229,1_1_250_1.0
signin_1230,3_10019_1_1.0
gonghui1,"1_2_6000_1.0,3_50002_3_1.0"
gonghui2,"1_2_6000_1.0,3_50002_3_1.0"
gonghui3,"1_2_9000_1.0,3_50003_2_1.0"
gonghui4,"1_2_9000_1.0,3_50003_2_1.0"
gonghui5,"1_2_13000_1.0,3_50003_4_1.0"
gonghui6,"1_2_13000_1.0,3_50003_4_1.0"
pvprankreward_40056,6_pvprankreward40056_1_1.0
pvprankreward_40057,6_pvprankreward40057_1_1.0
pvprankreward_40058,6_pvprankreward40058_1_1.0
pvprankreward_40059,6_pvprankreward40059_1_1.0
pvpstagereward_40052,6_pvpstagereward40052_1_1.0
pvpstagereward_40053,6_pvpstagereward40053_1_1.0
pvpstagereward_40054,6_pvpstagereward40054_1_1.0
pvpstagereward_40055,6_pvpstagereward40055_1_1.0
advanturegoldbox40063,6_advanturegoldbox40063_1_1.0
bfregmentda_40066,6_bfregmentda40066_1_1.0
afregmentda_40067,6_afregmentda40067_1_1.0
commonfregmentda_40070,6_commonfregmentda40070_1_1.0
rarefregmentda_40071,6_rarefregmentda40071_1_1.0
epicfregmentda_40072,6_epicfregmentda40072_1_1.0
10001_reward,1_2_5000_1.0
10002_reward,1_2_8000_1.0
10003_reward,1_2_12000_1.0
10004_reward,1_1_50_1.0
10005_reward,"1_1_50_1.0,1_2_5000_1.0"
10006_reward,"1_1_250_1.0,1_2_12000_1.0,3_10003_20_1.0"
10007_reward,"1_1_80_1.0,1_2_8000_1.0"
10008_reward,"1_1_500_1.0,1_2_20000_1.0,3_10003_40_1.0"
10009_reward,"1_1_120_1.0,1_2_12000_1.0"
10010_reward,"1_1_200_1.0,3_10003_20_1.0"
10011_reward,"1_1_200_1.0,1_2_20000_1.0"
10012_reward,"1_1_300_1.0,3_10003_30_1.0"
10013_reward,3_50005_2_1.0
10014_reward,"1_2_5000_1.0,3_50005_2_1.0"
10015_reward,"1_2_8000_1.0,3_50005_2_1.0"
10016_reward,"1_2_12000_1.0,3_50005_2_1.0"
10017_reward,"1_1_80_1.0,3_50006_1_1.0"
10018_reward,"1_1_120_1.0,3_50006_2_1.0"
10019_reward,"1_1_200_1.0,3_50006_2_1.0"
10020_reward,"1_2_5000_1.0,3_10003_5_1.0"
10021_reward,"1_1_50_1.0,1_2_8000_1.0"
10022_reward,"1_1_80_1.0,1_2_12000_1.0"
10023_reward,"1_2_8000_1.0,3_10003_8_1.0"
10024_reward,"1_1_50_1.0,1_2_12000_1.0,3_10003_12_1.0"
10025_reward,"1_1_80_1.0,1_2_12000_1.0,3_10003_20_1.0"
10026_reward,"1_1_50_1.0,3_10003_12_1.0"
10027_reward,"1_1_80_1.0,3_10003_20_1.0"
10028_reward,"1_1_120_1.0,3_10003_30_1.0"
10029_reward,"1_1_100_1.0,3_40053_1_1.0"
10030_reward,"1_1_100_1.0,3_40053_1_1.0"
10031_reward,"1_1_100_1.0,3_40053_1_1.0"
10032_reward,"1_1_100_1.0,3_40053_1_1.0"
10033_reward,"1_1_100_1.0,3_40053_1_1.0"
10034_reward,"1_1_100_1.0,3_40053_1_1.0"
10035_reward,1_2_5000_1.0
10036_reward,1_2_8000_1.0
10037_reward,1_2_12000_1.0
10038_reward,1_2_20000_1.0
10039_reward,1_2_30000_1.0
10040_reward,3_50002_8_1.0
10041_reward,3_50002_12_1.0
10042_reward,3_50002_20_1.0
10043_reward,3_50003_12_1.0
10044_reward,3_50003_20_1.0
10045_reward,3_11001_5_1.0
10046_reward,3_11001_10_1.0
10047_reward,"3_11001_15_1.0,3_10005_5_1.0"
10048_reward,"3_11001_20_1.0,3_10005_10_1.0"
10049_reward,"3_11001_30_1.0,3_10005_15_1.0"
10050_reward,"3_11002_5_1.0,3_10005_5_1.0"
10051_reward,"3_11002_10_1.0,3_10005_10_1.0"
10052_reward,"3_11002_15_1.0,3_10005_15_1.0"
10053_reward,"3_11002_20_1.0,3_10005_20_1.0"
10054_reward,"3_11002_30_1.0,3_10005_30_1.0"
10055_reward,"3_11003_5_1.0,3_10018_1_1.0"
10056_reward,"3_11003_10_1.0,3_10018_1_1.0"
10057_reward,"3_11003_15_1.0,3_10018_1_1.0"
10058_reward,"3_11003_20_1.0,3_10018_2_1.0"
10059_reward,"3_11003_30_1.0,3_10018_5_1.0"
10060_reward,"3_11003_10_1.0,3_10019_1_1.0"
10061_reward,"3_11003_20_1.0,3_10019_1_1.0"
10062_reward,"3_11003_30_1.0,3_10019_1_1.0"
10063_reward,"3_11003_40_1.0,3_10019_1_1.0"
10064_reward,"3_11003_50_1.0,3_10019_1_1.0"
10065_reward,3_10017_5_1.0
10066_reward,3_10016_15_1.0
10067_reward,3_10016_20_1.0
10068_reward,3_10017_10_1.0
10069_reward,3_10016_30_1.0
10070_reward,3_10016_40_1.0
10071_reward,1_2_5000_1.0
10072_reward,1_2_8000_1.0
10073_reward,1_2_12000_1.0
10074_reward,1_2_20000_1.0
10075_reward,"1_2_20000_1.0,1_1_50_1.0"
10076_reward,"1_2_20000_1.0,1_1_80_1.0"
10077_reward,"1_2_20000_1.0,1_1_120_1.0"
10078_reward,3_11001_5_1.0
10079_reward,3_11001_10_1.0
10080_reward,3_11002_5_1.0
10081_reward,3_11002_10_1.0
10082_reward,3_11003_5_1.0
10083_reward,3_10007_1_1.0
10084_reward,3_10007_4_1.0
10085_reward,"1_2_5000_1.0,1_1_10_1.0"
10086_reward,"1_2_8000_1.0,1_1_50_1.0"
10087_reward,"1_2_12000_1.0,1_1_80_1.0"
10088_reward,"1_2_12000_1.0,1_1_120_1.0"
10089_reward,3_40058_1_1.0
10090_reward,3_40058_2_1.0
10091_reward,3_40058_5_1.0
10092_reward,"3_40058_10_1.0,3_10003_5_1.0"
10093_reward,"3_40058_20_1.0,3_10003_8_1.0"
10094_reward,"3_40058_50_1.0,3_10003_12_1.0"
10095_reward,1_1_50_1.0
10096_reward,"1_2_20000_1.0,1_1_120_1.0"
10097_reward,1_1_120_1.0
10098_reward,1_1_200_1.0
10099_reward,1_2_5000_1.0
10100_reward,1_2_8000_1.0
10101_reward,1_2_12000_1.0
10102_reward,1_2_20000_1.0
10103_reward,1_2_5000_1.0
10104_reward,1_2_8000_1.0
10105_reward,1_2_12000_1.0
10106_reward,1_2_5000_1.0
10107_reward,"1_2_8000_1.0,1_1_100_1.0"
10108_reward,1_2_12000_1.0
10109_reward,1_2_20000_1.0
10110_reward,"1_2_20000_1.0,1_1_100_1.0"
10111_reward,1_1_50_1.0
10112_reward,1_1_80_1.0
10113_reward,1_1_120_1.0
10114_reward,3_40054_1_1.0
10115_reward,3_40054_5_1.0
10116_reward,3_40055_1_1.0
10117_reward,3_40055_5_1.0
10118_reward,3_40055_8_1.0
10119_reward,3_10007_5_1.0
10120_reward,3_10007_20_1.0
10121_reward,3_10007_50_1.0
10122_reward,3_10007_100_1.0
10123_reward,"3_10007_5_1.0,3_40053_1_1.0"
10124_reward,"3_10007_10_1.0,3_40053_2_1.0"
10125_reward,"3_10007_20_1.0,3_40054_1_1.0"
10126_reward,"3_10007_50_1.0,3_40054_2_1.0"
10127_reward,"3_10007_100_1.0,3_40055_1_1.0"
10128_reward,"3_10007_200_1.0,3_40055_2_1.0"
10129_reward,"1_1_500_1.0,3_40054_2_1.0"
10130_reward,"1_1_800_1.0,3_40054_10_1.0"
10131_reward,"1_1_1200_1.0,3_40055_2_1.0"
10132_reward,"1_1_2000_1.0,3_40055_10_1.0"
10133_reward,"1_1_3000_1.0,3_40055_20_1.0"
10134_reward,"1_1_5000_1.0,3_40055_30_1.0"
10135_reward,1_2_5000_1.0
10136_reward,1_2_8000_1.0
10137_reward,1_2_12000_1.0
10138_reward,1_2_20000_1.0
10139_reward,"1_2_1000_1.0,1_1_100_1.0"
10140_reward,1_2_8000_1.0
10141_reward,1_2_12000_1.0
10142_reward,1_2_20000_1.0
10143_reward,"1_2_20000_1.0,1_1_80_1.0"
10144_reward,"1_2_5000_1.0,1_1_80_1.0"
10145_reward,"1_2_8000_1.0,1_1_120_1.0"
10146_reward,"1_2_12000_1.0,1_1_200_1.0"
10147_reward,"1_2_20000_1.0,1_1_300_1.0"
10148_reward,"1_2_20000_1.0,1_1_500_1.0"
10149_reward,"1_2_5000_1.0,3_40053_1_1.0"
10150_reward,"1_2_8000_1.0,3_40053_2_1.0,1_1_100_1.0"
10151_reward,"1_2_12000_1.0,3_40054_1_1.0,1_1_200_1.0"
10152_reward,"1_2_20000_1.0,3_40054_2_1.0"
10153_reward,"1_2_8000_1.0,3_40052_2_1.0,1_1_50_1.0"
10154_reward,"1_2_12000_1.0,3_40053_2_1.0,1_1_80_1.0"
10155_reward,3_40054_2_1.0
10156_reward,3_40054_2_1.0
10157_reward,3_50005_1_1.0
10158_reward,3_50005_2_1.0
10159_reward,3_50005_5_1.0
10160_reward,"3_50005_5_1.0,1_1_50_1.0"
10161_reward,"3_50006_2_1.0,1_1_80_1.0"
10162_reward,"3_50006_5_1.0,1_1_120_1.0"
10163_reward,1_2_5000_1.0
10164_reward,1_2_8000_1.0
10165_reward,1_2_12000_1.0
10166_reward,1_2_20000_1.0
10167_reward,"1_2_20000_1.0,1_1_100_1.0"
10168_reward,3_40056_1_1.0
10169_reward,3_40057_1_1.0
10170_reward,3_40058_1_1.0
10171_reward,3_40058_2_1.0
10172_reward,3_50008_2_1.0
10173_reward,3_50008_5_1.0
10174_reward,3_50008_10_1.0
10175_reward,3_50009_2_1.0
10176_reward,3_50009_5_1.0
10177_reward,3_50009_10_1.0
10178_reward,3_10009_2_1.0
10179_reward,3_10009_5_1.0
10180_reward,3_10010_2_1.0
10181_reward,3_10010_5_1.0
10182_reward,3_10011_2_1.0
10183_reward,1_2_5000_1.0
10184_reward,1_2_8000_1.0
10185_reward,1_2_12000_1.0
10186_reward,"1_2_12000_1.0,1_1_50_1.0"
10187_reward,"1_2_12000_1.0,1_1_80_1.0"
10188_reward,3_40000_2_1.0
10189_reward,3_10009_5_1.0
10190_reward,3_40001_2_1.0
10191_reward,3_10010_5_1.0
10192_reward,3_40002_2_1.0
10193_reward,3_10011_5_1.0
10194_reward,3_50002_8_1.0
10195_reward,3_50002_12_1.0
10196_reward,3_50002_20_1.0
10197_reward,3_50002_30_1.0
10198_reward,"3_50003_8_1.0,1_1_80_1.0"
10199_reward,"3_50003_12_1.0,1_1_120_1.0"
10200_reward,"3_50003_20_1.0,1_1_200_1.0"
10201_reward,"3_50004_8_1.0,1_1_80_1.0,3_10017_5_1.0"
10202_reward,"3_50004_12_1.0,1_1_120_1.0,3_10017_5_1.0"
10203_reward,"3_50004_20_1.0,1_1_200_1.0,3_10017_8_1.0"
10204_reward,3_40065_2_1.0
10205_reward,3_40065_4_1.0
10206_reward,3_40065_2_1.0
10207_reward,3_40065_4_1.0
10208_reward,3_40065_2_1.0
10209_reward,3_40065_4_1.0
10210_reward,3_40065_2_1.0
10211_reward,3_40065_4_1.0
10212_reward,3_40065_2_1.0
10213_reward,3_40065_4_1.0
10214_reward,3_40064_2_1.0
10215_reward,3_40064_4_1.0
10216_reward,3_40064_2_1.0
10217_reward,3_40064_4_1.0
10218_reward,3_40064_2_1.0
10219_reward,3_40064_4_1.0
10220_reward,3_40064_2_1.0
10221_reward,3_40064_4_1.0
10222_reward,3_40064_2_1.0
10223_reward,3_40064_4_1.0
10224_reward,1_2_5000_1.0
10225_reward,1_2_8000_1.0
10226_reward,1_2_12000_1.0
10227_reward,1_2_5000_1.0
10228_reward,1_2_8000_1.0
10229_reward,"1_2_12000_1.0,1_1_50_1.0"
10230_reward,"1_2_20000_1.0,1_1_80_1.0"
10231_reward,"1_2_20000_1.0,1_1_120_1.0"
10232_reward,"1_2_20000_1.0,1_1_200_1.0"
10233_reward,1_2_5000_1.0
10234_reward,1_2_8000_1.0
10235_reward,1_2_12000_1.0
gift_101_reward,"1_14_100_1.0,1_2_15000_1.0"
lv5question_reward,1_1_100_1.0
lv25question_reward,"3_11001_20_1.0,3_10005_5_1.0,3_10016_10_1.0,3_10003_5_1.0"
102_reward1,1_1_150_1.0
102_reward2,"1_1_200_1.0,3_20041_20_1.0"
102_reward3,"1_2_12000_1.0,1_1_250_1.0,3_10003_8_1.0,3_20001_10_1.0"
102_reward4,"1_2_20000_1.0,1_1_300_1.0,3_10003_12_1.1,3_20001_15_1.0"
102_reward5,"1_2_30000_1.0,1_1_500_1.0,3_10003_20_1.2,3_20001_20_1.0"
103_reward1,"1_1_100_1.0,3_10003_5_1.0,3_50006_1_1.0,3_20020_60_1.0"
103_reward2,"1_1_200_1.0,3_10017_5_1.0,1_2_5000_1.0"
103_reward3,"1_1_250_1.0,1_2_8000_1.0,3_10003_5_1.0,3_50006_1_1.0"
103_reward4,"1_1_300_1.0,1_2_12000_1.0,3_10003_5_1.0,3_10018_1_1.0,3_20038_80_1.0"
103_reward5,"1_1_350_1.0,1_2_20000_1.0,3_10003_5_1.0,3_11002_20_1.0,3_10017_10_1.0"
103_reward6,"1_2_30000_1.0,1_1_400_1.0,3_10003_10_1.0,3_10016_10_1.0"
104_reward1,"1_1_100_1.0,3_50002_10_1.0"
104_reward2,"1_1_200_1.0,3_50006_1_1.0"
104_reward3,"1_1_300_1.0,3_11001_20_1.0"
104_reward4,"1_1_400_1.0,3_10017_10_1.0,3_20001_10_1.0"
104_reward5,"1_1_500_1.0,3_11002_10_1.0,3_20001_20_1.0"
104_reward6,"1_1_600_1.0,3_10018_1_1.0,3_20001_30_1.0"
105_reward,"1_2_8000_1.0,1_1_100_1.0,3_50005_2_1.0"
106_reward1,"1_14_10_1.0,1_2_3000_1.0"
106_reward2,"1_14_20_1.0,1_1_20_1.0"
106_reward3,"3_50005_1_1.0,1_14_30_1.0"
106_reward4,"3_10016_2_1.0,1_14_40_1.0"
invite01,"1_1_50_1.0,1_2_10000_1.0"
invite02,"1_1_100_1.0,1_2_50000_1.0"
invite03,"1_1_250_1.0,3_40052_1_1.0"
invite04,"1_1_500_1.0,3_40052_2_1.0"
invite05,"1_1_2250_1.0,3_40053_1_1.0"
invitereward,"1_1_20_1.0,3_50005_1_1.0,3_10003_5_1.0"
